Recorded live via microphone
Sample Rate: 16000
Bits Per Sample: 16
Channels: 1
----
0
0
-1
0
0
0
0
-1
0
0
0
0
0
0
0
0
0
0
0
0
0
0
-1
0
0
0
0
0
0
0
0
0
1
0
-1
0
0
0
0
0
0
0
0
0
0
0
0
0
0
0
0
0
0
0
-1
0
0
0
0
0
0
0
0
0
0
0
0
0
1
0
0
0
0
0
0
0
1
0
0
0
1
1
0
0
0
-1
1
1
0
0
0
0
0
0
0
1
0
0
0
1
0
0
0
0
0
-1
0
0
0
0
0
0
0
0
0
0
-1
-1
-1
0
0
0
0
-1
0
0
0
0
0
0
0
0
0
1
0
1
0
0
0
0
0
0
1
-1
0
1
-1
0
0
0
0
0
0
0
-1
0
0
0
-1
0
-1
0
0
0
0
0
-1
0
0
0
0
0
0
-1
0
0
0
0
0
0
0
0
-1
-1
0
0
0
0
0
1
0
0
0
0
0
-1
0
0
0
0
0
0
0
0
0
1
0
1
0
0
1
-1
1
0
0
0
-1
-1
0
0
0
-1
0
-1
0
0
0
-1
0
0
0
0
1
0
0
0
0
0
0
1
0
1
0
0
0
0
0
0
1
0
0
0
1
1
0
0
0
0
0
0
0
0
-1
1
0
0
0
0
0
0
0
1
0
0
-1
0
0
0
-1
-1
0
0
1
0
-1
0
0
0
0
0
0
-1
-1
0
0
-1
1
0
1
0
0
0
0
0
0
1
0
0
0
-1
0
0
0
0
0
1
-1
0
0
0
0
0
0
0
0
0
1
0
0
0
0
0
0
-1
0
0
-1
0
0
-1
0
0
0
0
0
0
0
0
1
0
0
-1
1
0
0
-1
-1
0
0
0
1
-1
0
0
0
-1
1
0
0
0
1
-1
0
0
0
0
0
0
0
0
0
0
0
-1
0
0
0
0
0
0
0
0
0
0
1
-1
0
0
-1
1
0
0
0
0
0
0
0
0
0
0
0
0
0
0
-1
0
0
0
0
0
0
0
-1
0
0
0
-1
0
0
-1
-1
0
0
0
0
0
1
1
-1
0
-1
0
0
0
0
0
0
0
0
1
0
0
0
0
-1
1
0
0
1
0
0
0
0
0
1
1
0
0
0
0
0
-1
0
-1
1
0
1
0
0
1
0
0
1
0
0
0
1
-1
-1
1
0
0
0
-1
0
0
1
0
0
0
0
0
0
-1
0
0
0
-1
0
0
1
1
-1
0
0
0
0
0
0
0
0
0
-1
1
0
0
1
0
0
0
0
1
-1
0
0
0
0
-1
1
0
0
-1
0
0
0
0
0
-1
0
-1
1
0
0
1
0
0
0
0
0
0
0
0
-1
0
0
0
1
0
1
0
0
0
0
-1
0
0
1
1
0
0
0
-1
-1
0
0
0
-1
0
0
1
0
1
0
0
1
0
0
1
0
0
0
0
0
0
0
0
0
0
0
-1
1
0
0
0
0
0
0
0
0
0
0
-1
0
-1
0
0
0
0
0
-1
0
0
0
1
0
0
0
0
0
0
0
0
0
-1
1
1
-1
0
0
0
0
0
0
0
0
0
0
0
0
0
-1
0
0
0
0
0
0
0
0
-1
0
0
0
0
-1
0
-1
0
0
0
0
0
-1
0
0
-1
0
0
0
1
0
0
0
0
0
0
1
0
0
0
0
0
1
0
0
0
1
1
0
0
0
0
0
0
0
0
1
1
1
0
0
-1
0
0
0
-1
-1
0
0
0
0
0
0
0
0
0
0
0
0
0
0
0
0
0
0
0
0
0
1
1
1
0
-1
0
0
0
0
0
0
1
-1
-1
0
0
0
0
0
1
0
-1
0
0
0
0
0
0
0
0
-1
0
0
0
0
1
0
0
0
0
0
-1
1
1
0
0
0
0
1
0
0
0
0
0
0
0
0
0
0
0
0
1
0
0
0
0
0
0
1
0
0
0
0
0
0
0
0
0
0
1
0
-1
0
0
0
0
-1
0
0
0
0
0
0
-1
0
0
-1
0
0
0
-1
1
0
0
0
0
0
0
0
0
0
0
0
0
0
-1
0
-1
0
0
0
0
0
0
0
0
0
1
0
0
0
0
0
0
0
0
0
0
0
1
0
0
0
0
0
0
0
0
0
-1
0
0
1
0
0
0
0
0
0
0
1
0
0
0
0
0
0
-1
0
1
0
0
0
0
0
0
0
0
-1
0
0
0
0
0
0
0
0
1
0
-1
0
1
0
0
-1
0
0
0
0
-1
0
0
0
0
1
0
0
0
0
0
0
0
0
-1
0
0
0
0
0
0
0
0
0
1
0
0
0
0
0
1
0
0
1
0
1
-1
0
0
0
0
0
0
0
0
-1
0
-1
-1
0
0
0
0
0
0
0
0
0
0
-1
0
-1
0
0
0
0
0
0
-1
0
0
0
0
0
0
0
0
0
0
0
0
0
0
0
0
0
1
1
0
-1
0
0
0
0
0
0
0
0
0
0
0
0
0
0
0
0
1
0
0
0
0
0
1
0
0
0
0
0
0
0
-1
-1
0
0
0
0
0
-1
-1
0
0
0
-1
1
0
0
-1
0
0
0
0
0
0
0
0
0
0
0
0
0
0
0
0
1
0
0
-1
0
0
0
0
0
0
1
0
0
-1
-1
0
0
0
0
-1
0
0
0
0
0
1
0
0
1
0
1
0
0
0
0
0
0
-1
0
0
0
0
0
0
1
0
0
0
0
0
0
-1
-1
0
-1
0
0
0
0
0
0
0
0
0
0
0
0
0
0
-1
0
0
0
0
1
0
0
0
0
0
0
0
0
0
0
-1
1
-1
0
0
0
0
0
0
0
0
1
0
1
0
0
0
1
-1
0
0
0
0
0
0
0
0
0
0
-1
0
0
0
0
1
1
0
1
0
0
0
0
0
0
0
0
0
0
-1
-1
-1
-1
0
0
0
0
0
-1
0
0
0
0
0
-1
0
-1
0
1
0
0
1
0
0
-1
0
-1
0
0
0
-1
0
1
-1
0
0
0
0
-1
0
1
0
-1
1
1
0
1
-1
0
0
1
0
0
-1
1
0
0
1
0
0
0
0
1
0
0
0
0
1
0
-1
0
-1
0
1
0
1
-1
0
1
0
0
0
0
0
-1
0
0
0
0
0
0
0
0
0
0
-1
0
1
0
1
0
-1
0
0
1
0
0
0
0
0
0
-1
0
-1
0
0
0
0
0
0
0
1
0
1
0
0
0
0
0
-1
0
0
0
0
0
-1
0
0
0
0
0
0
1
0
0
0
0
1
0
0
0
0
0
0
0
0
0
-1
0
1
0
0
0
0
0
0
0
0
0
0
0
0
0
0
0
-1
1
0
0
0
-1
0
0
0
1
0
0
0
-1
0
0
0
0
1
1
0
1
0
0
-1
0
-1
0
0
0
0
0
0
0
0
0
0
0
0
0
1
0
0
0
0
0
0
0
0
0
0
0
0
0
0
0
0
0
0
1
0
0
0
1
0
0
0
0
0
0
0
0
1
1
0
0
1
0
0
0
0
0
1
0
0
-1
1
0
-1
-1
0
0
0
0
0
1
0
1
0
0
0
1
0
-1
0
-1
0
0
-1
0
0
0
-1
0
0
0
0
0
0
0
0
1
-1
0
0
0
0
-1
0
0
0
0
0
1
0
0
0
0
0
0
0
0
1
1
0
0
0
0
0
0
0
0
0
1
0
-1
0
0
0
0
0
0
0
0
0
0
1
0
1
1
1
0
0
0
0
0
0
0
0
0
0
0
0
-1
0
0
0
-1
0
-1
0
0
0
0
0
0
0
-1
1
0
1
0
0
0
0
1
1
0
-1
0
1
-1
0
0
0
0
0
0
0
0
0
0
0
0
0
1
-1
0
0
0
0
0
0
0
-1
0
-1
0
0
0
0
0
-1
0
1
0
0
0
1
0
0
0
0
0
0
0
0
0
0
0
0
0
0
1
0
1
0
-1
-1
-1
0
0
0
0
0
0
0
-1
0
0
1
-1
0
1
0
0
0
0
0
0
0
-1
0
0
0
0
0
0
0
0
0
0
0
0
0
0
0
0
0
0
0
0
0
0
1
0
1
0
0
0
1
0
0
-1
1
0
-1
0
0
-1
0
0
0
0
-1
0
0
0
0
1
0
0
0
1
0
0
1
-1
0
0
0
0
0
0
-1
0
1
0
0
0
1
-1
0
0
0
-1
0
0
0
-1
0
1
0
-1
0
0
-1
-1
0
0
0
0
-1
-1
-1
0
0
0
0
0
0
0
0
0
1
0
-1
0
1
0
1
0
0
0
-1
0
0
0
0
0
0
-1
1
0
0
0
0
1
0
0
0
-1
0
1
0
0
0
0
0
0
0
0
0
0
-1
1
-1
0
1
0
0
0
0
0
0
0
0
0
0
0
0
0
0
0
1
0
0
0
0
-1
1
0
0
0
0
0
0
0
0
0
0
0
0
-1
0
0
0
-1
0
0
1
1
0
0
0
0
-1
0
1
0
-1
0
0
0
0
-1
0
0
0
0
0
-1
-1
0
0
0
0
1
0
0
0
0
-1
0
0
0
0
0
0
0
0
1
0
-1
0
0
-1
0
0
0
0
0
0
0
0
0
0
0
1
0
0
0
0
-1
-1
0
-1
0
0
0
-1
0
0
0
0
1
1
-1
0
0
-1
-1
0
0
-1
0
0
-1
0
0
-1
1
-1
0
0
-1
0
0
0
0
0
0
0
1
0
0
-1
1
1
0
0
0
0
0
0
0
0
0
1
0
0
0
0
0
0
-1
0
0
-1
0
0
1
0
0
1
0
0
0
1
0
0
0
0
0
0
1
-1
0
0
0
1
0
-1
0
0
0
0
0
-1
0
0
0
0
1
0
0
1
0
0
0
1
0
0
0
0
0
1
0
0
0
0
0
0
0
1
0
0
0
0
-1
0
0
-1
-1
0
-1
0
0
0
1
0
0
0
0
-1
1
0
0
0
0
1
0
1
0
0
1
1
0
0
0
0
0
-1
0
0
0
-1
0
0
1
0
0
0
0
1
0
1
0
0
0
0
-1
0
0
0
0
0
-1
0
0
0
1
1
0
0
-1
0
0
1
0
0
-1
1
0
0
0
0
-1
0
0
0
0
0
0
0
0
0
0
0
1
0
0
0
-1
0
1
0
0
1
-1
0
-1
-1
0
0
0
0
0
0
0
0
-1
0
-1
1
0
1
0
0
0
0
0
0
0
0
0
0
0
0
0
0
0
1
0
-1
0
0
0
0
0
0
-1
0
0
-1
0
0
0
0
0
0
0
1
1
0
0
0
0
0
0
0
-1
0
0
0
0
0
0
-1
-1
0
0
0
0
0
1
0
1
-1
0
0
-1
0
0
0
1
0
0
0
0
0
0
0
1
0
1
0
0
0
-1
-1
0
0
0
0
1
0
-1
0
0
0
0
1
0
-1
0
0
0
0
0
1
0
0
0
0
0
0
0
0
0
0
1
0
0
0
0
0
0
0
0
1
0
0
0
0
-1
-1
0
0
0
0
0
0
-1
0
0
-1
0
0
0
0
0
0
0
0
0
0
0
0
0
0
0
0
0
-1
0
0
1
0
0
-1
1
0
0
0
0
0
0
0
0
0
0
-1
1
0
0
-1
0
0
0
1
0
-1
0
0
0
0
0
0
0
1
-1
0
-1
0
-1
-1
0
0
0
1
0
0
0
0
0
1
0
-1
-1
0
0
0
0
0
0
0
-1
0
-1
0
1
0
0
0
0
1
0
0
0
0
0
-1
-1
0
0
0
0
-1
0
1
0
1
0
0
0
0
-1
0
0
0
-1
0
0
0
0
0
0
0
0
-1
0
0
0
1
0
1
0
-1
0
1
0
0
-1
0
0
0
0
0
0
1
0
1
0
0
0
0
0
1
0
1
0
0
0
1
0
0
0
0
0
-1
0
0
0
0
0
0
0
0
0
-1
0
0
0
0
0
0
0
0
0
0
1
0
1
0
0
1
0
0
1
0
0
1
0
0
1
0
0
0
0
0
0
0
0
0
0
0
1
0
0
-1
0
0
-1
0
-1
0
0
1
1
0
0
0
-1
0
0
0
0
0
0
1
0
0
-1
0
0
0
0
-1
0
1
0
0
0
0
0
-1
0
0
0
0
0
0
0
1
0
0
0
0
0
-1
0
0
0
0
0
1
0
0
0
0
0
0
0
1
0
-1
0
-1
1
0
0
0
0
-1
0
-1
0
0
0
0
-1
1
0
0
0
1
0
-1
0
1
1
0
-1
0
0
0
0
0
0
0
0
-1
0
0
0
0
1
-1
0
0
-1
0
0
0
0
0
1
1
0
0
0
-1
-1
0
0
0
1
0
0
0
0
0
0
1
0
0
-1
0
0
1
0
0
0
0
0
1
0
0
-1
0
0
0
0
0
0
0
0
1
0
0
0
0
0
0
0
0
1
0
0
0
0
0
0
-1
0
0
0
0
1
0
0
1
0
0
0
1
-1
0
-1
0
0
0
1
0
0
0
0
0
0
1
0
0
0
1
0
0
0
0
0
-1
0
0
0
1
0
0
0
1
0
0
0
0
0
0
0
0
0
0
1
0
1
0
-1
0
0
-1
0
0
0
-1
0
0
0
-1
0
-1
1
-1
1
0
0
0
0
0
1
0
1
0
0
0
0
0
0
0
0
0
0
0
1
0
0
-1
0
0
0
0
0
0
0
0
0
0
-1
0
0
1
0
0
-1
0
0
0
0
0
0
0
0
-1
0
1
0
0
0
0
1
0
0
0
0
0
-1
0
0
-1
0
0
0
0
0
0
0
0
0
0
0
1
1
1
1
0
0
-1
1
0
0
0
0
0
0
0
0
0
0
0
0
1
0
0
1
0
1
0
0
1
0
0
0
0
0
-1
0
-1
0
0
1
1
0
0
-1
0
-1
-1
0
0
0
1
1
0
-1
0
1
0
0
0
0
1
0
1
-1
0
1
0
0
0
-1
0
0
0
1
0
-1
0
-1
-1
0
0
1
0
0
0
1
1
0
0
1
1
-1
0
-1
0
0
0
1
0
0
0
0
-1
0
0
-1
0
0
-1
-1
1
0
0
0
0
-1
0
1
0
0
0
-1
1
0
1
0
1
0
0
0
0
-1
0
0
0
1
0
0
0
0
0
0
0
0
0
0
0
0
0
1
0
0
0
0
1
0
0
0
0
0
0
0
0
0
0
0
0
0
0
0
0
0
0
-1
0
1
-1
0
0
0
-1
0
0
1
0
0
0
0
0
-1
0
0
0
0
0
0
-1
0
0
-1
0
0
0
-1
0
0
0
0
-1
0
0
0
0
0
0
0
0
0
0
0
0
0
0
0
-1
0
0
0
-1
0
-1
0
-1
0
0
0
0
1
0
0
0
0
-1
1
0
0
0
0
0
0
0
0
0
0
0
0
1
0
0
0
0
-1
0
-1
0
0
0
0
0
0
0
0
0
0
0
0
0
0
0
0
0
1
0
1
1
0
1
0
0
0
0
0
1
0
0
0
0
0
1
0
0
-1
0
0
1
0
-1
0
0
0
0
-1
-1
1
0
0
1
0
0
1
0
0
0
-1
1
1
0
0
0
0
0
-1
0
0
0
0
0
0
0
0
-1
0
0
0
0
0
0
0
0
0
0
0
-1
0
-1
0
0
0
0
0
0
0
-1
0
-1
1
0
0
0
0
0
0
0
-1
0
-1
0
0
0
0
-1
0
0
0
1
0
-1
0
0
0
0
1
0
0
0
0
0
0
-1
0
0
0
0
-1
0
0
0
1
0
1
1
0
0
0
0
0
1
0
0
0
0
0
0
1
0
0
0
0
0
0
0
0
0
0
0
1
0
1
1
0
-1
0
0
-1
0
0
1
0
0
0
0
0
0
0
0
-1
0
-1
0
0
-1
0
0
0
0
0
0
0
0
0
-1
0
0
0
0
0
0
0
0
0
0
1
0
-1
-1
0
0
0
0
0
0
-1
0
0
-1
-1
0
-1
0
-1
-1
2
-1
2
2
-3
-3
1
2
-1
-5
-1
4
5
3
0
-2
-5
-5
-2
1
3
4
4
2
1
-2
-3
-4
-4
-2
1
3
5
4
0
-3
-3
-3
-2
-2
1
2
3
1
0
-2
-3
-3
-2
1
1
3
2
1
-1
-2
-2
-1
0
2
3
3
1
0
-1
-2
-2
-1
0
0
1
0
0
0
-1
-2
-1
-1
0
0
1
1
0
-1
0
0
1
0
0
1
1
1
1
1
1
1
1
2
1
2
1
0
1
1
1
1
0
1
0
0
0
1
0
1
0
0
1
0
0
0
-1
-1
0
1
1
1
0
-1
0
-2
0
-1
0
1
1
1
0
0
0
-1
-1
0
0
0
0
1
1
0
-1
-2
-1
-1
-1
-1
-1
-1
-1
-1
0
-1
-1
-1
-1
-2
-1
0
-1
0
-1
-1
-1
0
-1
0
0
-1
0
0
-1
0
0
1
0
0
1
0
0
-1
0
-1
0
-1
1
1
0
1
1
0
0
-1
0
-1
0
0
1
2
2
1
1
1
0
0
0
0
1
2
1
1
1
1
0
1
2
2
1
0
0
-2
-2
-2
-1
0
0
0
1
0
0
1
0
-1
-1
-2
0
0
0
1
1
1
0
1
1
1
1
0
-2
-1
-1
-1
1
0
1
0
0
-1
-2
-2
-1
-1
-1
0
-1
-2
-1
-1
-2
0
-1
0
-1
1
1
1
0
0
0
0
0
1
2
2
3
3
3
3
2
2
1
1
1
0
0
0
0
1
0
1
1
1
1
1
2
2
1
1
0
-1
0
1
0
0
1
2
2
1
1
1
0
0
0
0
0
1
1
1
1
1
1
1
0
0
0
0
0
0
-2
-1
-2
-2
-2
-3
-3
-2
-1
-2
-2
-2
-3
-3
-3
-3
-2
-2
-1
-2
-1
-1
-1
-1
-1
0
0
1
1
1
1
0
0
1
1
0
1
0
1
0
1
1
1
1
1
0
0
-1
-1
0
0
0
-1
0
0
0
0
1
1
1
2
2
2
3
2
2
2
1
1
1
2
2
3
3
3
2
2
1
0
1
-2
-1
-2
-2
-1
-1
0
0
-1
-1
-1
-1
-1
-1
0
0
-2
-2
-2
-2
-1
-1
-1
0
0
-1
-1
-1
-2
-2
-1
-1
0
0
0
-3
-2
-2
-1
-1
0
0
0
0
-1
-1
-1
-1
-1
0
0
0
0
0
0
2
-2
0
0
-2
2
4
2
1
2
0
1
3
0
0
-1
-1
1
0
2
2
1
3
-1
2
0
0
1
1
2
1
2
2
2
2
3
2
3
2
2
2
1
0
0
0
0
-1
0
-1
-1
0
-1
-2
-1
1
1
1
0
0
-1
-2
-1
0
-1
2
-1
3
-2
5
-2
1
1
-4
6
-3
3
2
-2
0
0
-3
4
-4
0
-3
-4
2
-2
-1
-1
-1
2
1
-1
-4
-3
-2
-1
1
1
0
1
-1
-1
0
0
0
-1
-2
-1
-1
0
1
1
2
3
2
1
0
0
-1
1
3
2
1
1
1
0
3
0
-1
-1
-1
0
1
1
0
-1
-1
0
-1
-1
-2
-3
-2
0
0
1
-1
-2
-2
0
2
2
3
2
1
0
0
1
2
2
2
1
2
2
2
2
1
0
0
1
0
1
1
0
0
-2
-1
-1
-1
-1
0
1
0
0
0
-1
-2
-2
-3
-3
-3
-3
-1
1
2
1
1
0
0
0
-1
-1
0
0
1
2
0
0
1
0
-1
0
1
1
1
0
0
0
1
1
1
1
1
1
1
1
2
2
3
1
1
0
1
0
0
-1
0
0
0
0
1
-1
0
-1
0
-1
-2
-1
-1
0
0
1
0
0
0
0
0
0
0
0
0
0
1
1
0
0
0
-1
0
-1
-1
-1
-1
-2
-2
-1
-1
-1
-1
-2
-1
-2
-1
-1
-2
-1
-1
1
1
0
0
-2
-1
-1
0
0
0
1
1
1
0
0
0
0
0
0
0
1
0
0
0
0
-1
-1
-2
0
0
0
0
0
0
-1
-1
0
-1
1
1
0
0
0
1
0
-1
-1
0
-2
-1
-1
0
0
0
1
0
0
-1
0
1
1
0
1
1
0
1
1
0
0
1
1
1
1
0
-1
-3
-3
-3
-2
-2
-1
-1
-3
-5
-6
-5
-4
-3
-4
-2
-2
-3
-4
-5
-3
-1
1
3
2
3
2
2
2
3
4
5
4
5
5
6
5
6
6
7
5
3
0
-1
-1
0
0
1
1
2
1
0
-1
-2
-3
-3
-3
-3
-1
-1
-1
-1
0
0
0
0
0
2
2
3
3
2
2
1
2
2
2
3
3
3
3
2
1
1
1
2
2
0
0
-1
-1
-1
-1
-1
-2
-3
-3
-2
-2
-4
-3
-5
-6
-6
-7
-6
-5
-2
-1
-1
0
-1
-1
-2
-2
-1
-1
-1
-2
0
1
3
4
5
5
3
3
1
0
-1
0
-1
-1
0
2
3
4
4
3
3
1
1
0
-2
-2
-2
-2
-1
1
1
0
1
0
1
1
2
1
1
0
0
0
-1
-1
0
1
2
2
3
3
1
1
1
-1
-3
-2
-3
-2
-2
-1
-1
-2
-2
-2
-2
-3
-4
-3
-5
-5
-5
-5
-3
-3
0
-2
-1
-1
-1
0
0
0
2
4
5
6
5
4
3
2
3
4
4
4
3
3
3
4
3
2
0
-2
-2
-3
-2
-2
-2
-1
-1
-3
-5
-4
-5
-5
-4
-3
-2
-1
1
1
-1
0
-1
-2
-2
0
0
1
2
3
3
5
5
3
3
2
1
1
0
0
1
2
2
3
3
2
0
-1
-3
-5
-6
-8
-7
-5
-4
-1
0
-1
1
-2
-4
-7
-8
-9
-8
-6
-2
1
3
5
5
3
0
-2
-4
-5
-6
-5
-3
-1
2
2
3
3
1
-1
-2
-1
-3
-3
-2
-1
0
0
0
0
0
-2
0
-1
2
3
5
5
3
1
-2
-4
-6
-7
-5
-3
0
0
2
2
1
0
-3
-6
-9
-9
-8
-5
-2
0
2
4
5
4
2
1
-2
-2
-2
-1
0
1
3
4
5
7
6
7
6
4
0
-3
-3
-4
-2
0
-1
1
2
3
2
1
1
1
-1
-4
-8
-6
-5
-2
0
1
3
4
5
5
6
4
2
1
0
2
4
6
8
7
9
9
8
8
6
4
2
0
-1
-2
0
1
1
2
1
1
0
0
-3
-5
-7
-9
-10
-9
-8
-6
-5
-2
-3
-3
-2
-3
-3
-4
-4
-4
-5
-2
0
1
4
4
3
3
1
1
-1
-2
-3
-4
-5
-3
-1
-1
-1
-2
-3
-3
-4
-4
-5
-5
-5
-5
-5
-4
-3
-4
-3
-4
-4
-2
0
1
4
3
2
2
2
3
4
5
6
6
6
7
7
8
7
5
5
3
3
3
3
4
4
5
2
2
0
0
1
1
0
-1
-4
-4
-4
-4
-3
-4
-4
-4
-3
-1
0
0
0
-1
-2
0
-1
-2
-2
-1
0
2
3
5
4
3
2
0
-1
-2
-1
-1
-1
0
0
-1
-1
-1
-3
-4
-7
-8
-8
-7
-6
-6
-5
-5
-4
-2
-1
0
0
0
0
-1
-2
-1
1
2
4
4
6
7
8
9
8
7
4
2
1
0
1
1
0
1
2
4
4
3
1
-1
-5
-6
-8
-8
-8
-6
-5
-3
-2
-1
-1
1
0
-1
-4
-7
-7
-5
-2
0
3
4
5
5
6
6
6
4
2
1
0
0
0
1
2
2
2
3
3
2
1
-1
-1
-1
-2
-2
-2
-1
1
0
0
1
0
0
-1
-2
-2
-3
-3
0
2
2
3
2
2
1
0
0
0
-1
-1
0
2
3
5
6
6
7
5
7
7
6
4
2
2
3
4
5
6
8
8
7
6
4
2
0
0
0
1
0
1
3
4
4
4
6
5
4
3
2
0
-1
-1
0
1
1
4
5
5
6
6
5
4
2
2
1
1
1
2
3
4
6
6
6
6
6
4
2
1
-2
-2
-1
1
2
3
2
1
1
0
-2
-3
-5
-7
-6
-6
-4
-3
-4
-5
-7
-7
-5
-3
-1
0
-2
-2
-3
-4
-5
-5
-6
-5
-3
-2
0
2
2
2
2
1
-1
-2
-4
-7
-7
-9
-7
-6
-4
-5
-3
-2
-2
-2
-4
-6
-7
-8
-7
-5
-4
-3
-3
-2
1
3
3
1
0
0
2
4
6
6
4
4
5
8
11
13
13
11
8
8
7
8
9
9
8
7
6
7
7
7
4
3
2
0
0
-1
0
0
-1
0
0
-1
-4
-7
-9
-9
-8
-8
-9
-9
-9
-7
-5
-4
-4
-5
-7
-8
-7
-5
-4
-4
-5
-7
-5
-5
-3
-3
-3
-4
-4
-5
-5
-4
-5
-5
-5
-4
-4
-4
-6
-8
-9
-9
-9
-7
-6
-4
-2
-1
0
1
-2
-3
-4
-3
0
2
3
3
4
5
8
11
11
8
5
2
2
4
8
9
9
7
6
6
8
9
8
4
0
-3
-3
-1
2
6
6
6
5
5
4
5
5
5
5
5
6
7
7
8
7
6
4
2
0
1
3
6
7
7
5
2
0
0
-1
-3
-6
-10
-12
-10
-6
-3
-2
-2
-1
-3
-6
-7
-7
-9
-12
-14
-13
-10
-7
-4
-3
-3
-4
-4
-3
-4
-5
-6
-7
-10
-9
-7
-2
2
4
6
6
8
9
8
8
5
3
1
0
1
3
5
10
11
12
10
9
10
8
6
3
-1
-3
-4
-2
1
3
4
3
2
4
4
3
1
-2
-4
-3
-2
2
5
6
4
3
2
3
6
6
7
6
5
4
3
3
2
1
-2
-6
-7
-5
-5
-3
-1
1
1
-1
-2
-4
-7
-11
-15
-19
-20
-20
-17
-12
-6
0
1
2
1
1
1
-2
-8
-13
-17
-18
-17
-10
-4
4
8
10
12
13
12
9
3
-2
-7
-9
-7
-3
4
8
11
12
15
15
14
12
8
2
-4
-7
-5
0
5
8
10
12
13
12
9
7
4
1
-2
-2
2
7
11
11
10
6
3
-1
-6
-7
-6
-6
-4
-2
3
7
7
7
7
2
-4
-10
-12
-13
-12
-12
-9
-8
-7
-7
-10
-8
-8
-10
-13
-16
-16
-13
-14
-16
-16
-17
-19
-17
-15
-10
-7
-4
-4
-3
-3
-1
-3
-4
-5
-7
-8
-8
-6
-3
0
4
8
11
14
11
10
9
6
5
7
8
9
7
8
11
14
16
17
19
19
21
23
24
27
28
26
23
21
20
18
15
12
12
16
21
28
34
35
33
26
19
12
6
2
-3
-7
-7
-8
-4
0
5
6
3
-2
-6
-9
-14
-20
-25
-27
-30
-31
-30
-27
-25
-22
-19
-18
-19
-21
-25
-31
-35
-38
-40
-41
-37
-31
-25
-22
-18
-15
-15
-15
-17
-16
-13
-11
-11
-12
-16
-16
-12
-6
1
8
9
8
7
7
6
4
4
3
1
3
7
14
20
22
23
21
22
22
21
21
19
20
22
22
26
29
31
31
30
31
29
28
28
31
31
28
22
16
12
11
13
13
12
13
12
10
9
10
7
1
-3
-6
-7
-6
-7
-8
-14
-21
-24
-23
-20
-16
-11
-13
-19
-21
-22
-23
-24
-29
-34
-33
-28
-20
-11
-6
-7
-10
-13
-18
-20
-22
-22
-23
-20
-17
-11
-1
4
3
0
0
-1
0
1
0
-4
-8
-9
-5
1
8
9
7
6
5
4
5
6
6
8
7
6
8
11
12
14
13
11
14
15
11
7
5
4
6
12
16
17
17
14
9
4
-1
-6
-9
-8
-7
-4
-5
-9
-12
-15
-13
-9
-9
-13
-19
-21
-21
-23
-23
-18
-12
-10
-11
-13
-19
-21
-20
-22
-26
-24
-19
-16
-12
-9
-6
-2
-1
1
1
-1
-3
-3
-7
-7
-2
-5
-6
-2
2
4
2
-9
-12
-8
-6
-5
1
-1
-5
3
7
4
11
13
0
-6
-8
-21
-28
-22
-17
-9
5
13
17
27
33
30
33
30
28
28
32
24
21
26
27
28
27
20
13
14
14
12
15
22
30
33
33
31
23
16
13
14
18
21
22
16
9
5
0
-2
-2
-2
2
6
6
10
14
24
31
33
30
27
27
24
16
4
-2
-2
3
9
13
13
9
6
2
-1
-3
-4
-9
-12
-16
-16
-11
-6
-4
-1
0
-4
-14
-27
-35
-38
-36
-33
-30
-25
-19
-19
-19
-26
-32
-38
-39
-37
-36
-31
-26
-18
-12
-7
-5
-10
-18
-26
-36
-42
-45
-44
-40
-33
-24
-16
-12
-9
-11
-17
-23
-31
-37
-43
-42
-38
-29
-19
-9
-1
4
4
-4
-15
-25
-33
-34
-29
-18
-11
-7
-3
3
8
14
19
22
24
23
21
20
22
25
28
31
35
38
41
41
41
42
47
52
58
60
54
53
49
45
47
54
58
58
54
50
49
49
46
41
40
41
37
39
37
38
43
37
33
32
28
27
28
30
32
33
30
29
27
27
25
25
22
17
15
6
-3
-5
0
7
12
13
11
3
-9
-17
-25
-29
-33
-39
-44
-41
-35
-29
-30
-34
-36
-40
-48
-52
-57
-60
-57
-59
-60
-60
-62
-57
-52
-49
-50
-57
-57
-54
-45
-42
-41
-44
-48
-45
-41
-39
-38
-35
-27
-19
-13
-12
-15
-22
-28
-26
-22
-23
-24
-25
-22
-18
-12
-4
-4
-5
-1
-3
-8
-12
-12
-4
7
10
5
5
9
9
5
2
6
11
15
15
12
11
14
24
31
29
26
25
21
19
20
24
30
34
33
28
24
22
23
24
21
18
18
13
8
11
16
24
27
34
32
30
28
28
28
23
22
19
23
26
30
36
34
34
36
40
31
29
30
33
40
43
56
47
51
48
51
38
62
17
83
36
30
112
12
15
49
76
63
58
12
-9
-23
47
72
81
76
20
-6
21
0
56
82
14
-10
-33
-14
0
44
75
41
-19
-29
-50
-41
6
26
6
-20
-46
-62
-47
-18
-14
-34
-61
-89
-90
-65
-42
-25
-30
-55
-66
-77
-88
-77
-76
-87
-89
-85
-78
-72
-68
-69
-75
-81
-82
-81
-80
-89
-86
-74
-66
-42
-34
-46
-54
-71
-71
-57
-41
-27
-19
-22
-22
-15
-10
-4
-8
-13
-17
-11
-4
6
22
31
39
44
45
40
31
22
20
27
40
59
67
69
67
64
60
62
62
58
56
62
70
75
79
77
78
73
68
64
62
62
68
74
71
62
54
48
45
41
32
23
19
25
37
36
30
20
12
11
16
13
6
-2
-10
-8
-7
-10
-16
-19
-27
-33
-37
-40
-38
-38
-42
-49
-54
-56
-46
-40
-36
-33
-42
-49
-55
-61
-60
-57
-57
-59
-61
-65
-68
-70
-70
-69
-67
-70
-72
-72
-70
-66
-64
-63
-68
-73
-75
-79
-79
-77
-73
-63
-54
-46
-40
-48
-58
-66
-67
-59
-47
-42
-36
-36
-34
-28
-21
-22
-22
-23
-27
-28
-25
-32
-35
-31
-27
-19
-17
-13
-10
-5
5
14
18
19
13
4
0
-4
2
12
26
37
42
44
42
39
39
44
48
46
51
46
44
47
55
64
66
64
57
51
51
60
62
71
75
68
60
54
48
41
40
41
41
41
39
43
51
56
56
48
30
19
16
17
23
32
40
44
41
38
34
30
23
14
13
13
13
20
25
21
19
13
8
2
-7
-15
-16
-16
-12
-4
0
-8
-20
-31
-46
-50
-48
-43
-37
-33
-35
-34
-36
-40
-43
-47
-49
-48
-47
-45
-43
-35
-30
-30
-31
-38
-47
-52
-50
-46
-40
-32
-30
-29
-29
-29
-33
-38
-43
-49
-46
-34
-29
-28
-27
-27
-18
-12
-9
-8
-16
-18
-20
-19
-14
-14
-14
-11
-15
-18
-13
-11
-7
0
4
5
7
7
6
9
9
11
12
11
13
17
22
29
38
44
49
48
43
34
33
34
36
40
43
49
55
57
62
63
59
53
46
46
45
50
57
57
59
59
52
47
41
37
37
41
48
54
60
59
57
55
52
42
29
22
21
26
31
39
41
36
33
28
24
18
13
6
-3
-11
-18
-18
-18
-20
-21
-29
-34
-34
-28
-24
-21
-30
-45
-58
-69
-67
-60
-56
-54
-55
-53
-46
-41
-40
-48
-58
-66
-72
-70
-61
-52
-45
-40
-39
-40
-41
-41
-43
-43
-42
-40
-37
-30
-27
-26
-27
-31
-34
-35
-30
-21
-13
-9
-8
-6
-1
3
7
7
6
5
10
21
28
37
40
37
36
38
43
55
62
68
69
65
65
67
71
79
82
76
76
78
87
93
92
93
89
83
80
80
81
85
89
91
83
75
63
50
47
49
50
53
55
54
59
62
59
55
45
31
23
17
14
14
19
24
23
24
23
21
17
11
6
-1
-11
-15
-21
-25
-22
-21
-24
-25
-25
-29
-29
-33
-38
-45
-55
-60
-64
-64
-61
-61
-62
-64
-63
-61
-59
-62
-68
-71
-73
-77
-75
-74
-73
-69
-68
-71
-71
-64
-55
-44
-36
-32
-36
-41
-44
-45
-47
-45
-41
-36
-32
-22
-13
-8
-4
0
0
-1
0
3
3
2
1
0
0
2
6
12
11
7
9
14
19
22
24
17
10
8
10
14
21
26
27
30
33
35
39
38
35
30
25
21
20
28
33
36
36
33
32
35
34
32
26
19
16
13
15
15
11
5
-1
-10
-13
-14
-13
-19
-27
-32
-35
-32
-30
-27
-26
-30
-37
-42
-40
-38
-36
-38
-46
-51
-51
-48
-43
-42
-41
-42
-45
-45
-41
-41
-39
-39
-39
-43
-47
-51
-52
-49
-45
-43
-43
-39
-35
-33
-35
-39
-45
-50
-52
-49
-45
-41
-35
-32
-30
-28
-22
-17
-17
-16
-19
-23
-23
-20
-17
-15
-13
-10
-7
-7
-6
-7
-8
-9
-16
-19
-22
-23
-21
-19
-17
-16
-17
-16
-16
-15
-14
-12
-14
-16
-19
-24
-25
-31
-34
-38
-41
-38
-35
-29
-26
-19
-9
-3
2
3
3
0
-1
0
3
3
4
7
9
16
25
30
33
35
37
38
38
39
38
37
36
39
42
44
44
48
51
57
58
55
55
52
53
57
58
60
59
59
61
62
66
67
67
65
64
65
67
67
66
63
59
55
50
49
49
47
49
50
49
49
47
46
44
39
32
23
17
11
9
7
3
0
-5
-9
-11
-16
-19
-24
-31
-37
-40
-45
-47
-45
-46
-45
-48
-52
-51
-52
-54
-52
-51
-55
-58
-60
-59
-58
-54
-49
-44
-42
-40
-35
-31
-26
-24
-26
-28
-30
-37
-40
-39
-36
-33
-27
-21
-15
-4
0
4
7
9
5
0
-4
-9
-6
2
9
15
22
22
27
31
35
41
46
52
56
55
52
50
48
46
46
50
54
64
73
81
86
90
88
87
80
69
57
46
40
43
49
55
58
54
54
53
55
54
48
43
33
25
22
18
15
10
5
3
1
3
8
14
20
21
13
6
0
-10
-18
-26
-33
-37
-37
-27
-16
-6
-1
-2
-6
-15
-21
-23
-25
-32
-37
-42
-41
-41
-37
-32
-30
-31
-33
-32
-33
-33
-31
-31
-34
-40
-49
-53
-55
-54
-54
-51
-49
-45
-41
-36
-32
-28
-29
-31
-30
-37
-44
-48
-46
-45
-39
-27
-16
-4
3
7
12
12
2
-6
-14
-23
-28
-33
-28
-18
-10
1
7
8
9
10
13
14
11
4
3
1
-1
-5
-3
0
3
9
18
27
35
38
40
39
33
28
23
16
8
5
7
15
23
29
32
40
42
39
38
36
35
32
30
29
23
16
15
19
24
26
31
38
40
37
33
32
30
25
17
13
11
6
6
12
19
24
23
24
27
25
26
27
19
7
-3
-3
-1
-1
-3
2
10
14
17
17
15
13
9
3
-3
-15
-24
-26
-22
-20
-18
-16
-13
-13
-14
-13
-7
-2
-9
-23
-33
-42
-44
-42
-42
-32
-35
-37
-29
-20
-8
-8
-11
-16
-33
-34
-34
-41
-47
-54
-47
-33
-28
-22
-18
-6
0
0
-3
-9
-16
-26
-29
-33
-32
-32
-33
-26
-20
-11
2
7
0
-15
-21
-19
-18
-15
-9
-6
-11
-20
-22
-16
-9
-1
11
18
23
27
27
28
18
5
0
5
15
30
39
47
51
43
31
20
18
18
19
21
21
14
9
8
16
24
30
33
31
20
6
1
5
9
8
14
21
23
28
35
32
20
3
-5
4
15
25
33
29
11
-4
-8
-4
4
10
14
15
5
-7
-9
-6
-7
-7
-2
2
2
-9
-15
-18
-30
-47
-57
-53
-38
-29
-17
-9
-13
-25
-39
-46
-45
-43
-30
-12
-10
-28
-55
-73
-76
-65
-37
-6
9
4
-8
-12
-18
-30
-40
-45
-49
-52
-48
-25
1
14
20
9
-15
-40
-54
-54
-58
-63
-62
-50
-28
-5
13
19
18
17
6
-15
-28
-38
-52
-57
-40
-10
-1
-8
-5
16
41
49
42
25
-9
-40
-35
-21
-2
21
34
45
48
48
60
48
30
34
32
21
-4
-16
-4
4
22
62
97
121
114
75
23
-28
-35
-1
28
55
50
19
6
25
80
108
103
61
21
6
13
5
3
-40
-58
-32
34
121
176
145
78
16
-38
-62
-74
-80
-70
-44
-5
39
54
65
75
71
43
-11
-45
-70
-68
-28
-10
-21
-34
-59
-10
53
81
65
4
-50
-72
-94
-79
-53
1
40
11
13
-6
-61
-17
12
59
81
5
45
15
-174
-179
19
101
-86
-256
-23
347
414
215
10
-164
-374
-417
-183
108
307
362
293
146
-93
-260
-250
-190
-118
19
203
339
304
127
-80
-225
-247
-167
-28
133
262
322
271
103
-97
-247
-265
-157
-4
137
251
311
209
-30
-202
-225
-171
-76
50
159
174
87
5
-23
-68
-107
-88
-33
13
21
4
-2
-3
-15
-40
-84
-122
-86
17
86
70
12
-39
-49
-31
-24
-24
-28
-34
-25
1
27
36
4
-36
-47
-34
3
31
13
-31
-55
-41
-9
18
29
25
14
-2
-13
-23
-43
-50
-32
-8
6
10
3
-9
-20
-25
-14
-9
-16
-15
0
12
15
11
5
6
11
13
5
-4
-2
5
-5
-18
-13
-9
-13
0
16
14
9
4
-16
-49
-59
-31
-4
-1
-1
-9
-21
-26
-26
-16
-17
-35
-51
-48
-35
-18
-13
-19
-21
-20
-32
-48
-44
-14
22
35
32
28
8
-34
-60
-56
-42
-25
-2
16
25
16
1
-8
-24
-30
-7
20
37
32
5
-31
-47
-40
-28
-19
-8
1
11
12
9
3
-16
-31
-24
-14
1
25
44
60
47
31
20
7
4
10
17
25
31
29
14
-13
-17
-4
22
40
42
40
26
20
28
29
20
0
-12
5
31
48
54
45
26
-3
-38
-41
-26
-5
10
15
24
31
28
23
17
0
-13
-17
-14
-21
-32
-42
-43
-35
-36
-14
8
21
25
10
-9
-21
-29
-27
-12
12
25
27
11
-1
3
12
23
24
17
-5
-18
-13
5
14
10
2
4
15
25
29
19
19
16
18
25
32
35
33
40
36
24
7
5
17
44
66
73
56
29
8
9
16
26
36
44
52
43
39
26
5
-4
-17
-22
-11
6
27
32
43
21
-3
-7
-14
-21
-38
-39
-44
-41
-31
-10
-7
0
1
-28
-30
-45
-29
-27
-5
-53
-48
-66
-11
-51
-36
-1
-1
-24
-48
-62
-34
-46
-23
-67
-70
1
-41
-12
-51
-17
-52
-28
-22
-2
-44
-31
-52
-39
-40
-28
-28
-10
18
5
15
11
-13
-28
-20
-18
-18
2
39
25
46
55
40
15
4
15
7
28
42
33
4
6
-6
15
30
35
28
31
28
25
22
20
-2
-13
0
-10
-2
19
38
29
32
39
28
16
8
7
0
20
32
25
21
0
-15
-9
11
20
21
26
20
22
17
13
-15
-14
-5
-2
3
4
3
-10
-10
-12
-40
-34
-19
-26
-26
-15
-18
-27
-31
-26
-17
-3
10
-3
0
-2
-12
-35
-51
-64
-63
-29
0
5
6
13
5
8
13
-3
-26
-41
-44
-40
-20
10
29
25
20
10
-5
-8
-5
-11
-16
-14
-6
15
40
40
22
6
-9
-13
1
27
40
40
25
13
0
-14
-15
-17
-9
14
35
54
60
42
16
-11
-17
-10
0
16
33
41
31
15
7
-7
-8
-6
-6
-2
6
16
33
36
22
2
-2
-8
-2
5
10
11
2
-2
-3
-1
6
11
12
3
-6
-11
-7
4
10
17
21
20
10
12
8
3
-6
-3
1
7
4
-2
-4
-4
1
0
-3
-9
-21
-21
-14
-4
2
7
10
7
1
-2
1
2
4
1
-10
-13
-4
6
3
4
2
3
-5
-25
-22
-10
-1
5
15
25
24
18
4
-10
-15
-16
-14
-13
-2
16
25
23
16
4
-5
-12
-6
-2
5
8
10
19
19
14
13
8
14
13
11
1
-11
1
11
25
35
35
30
17
7
2
-2
-2
3
6
15
25
26
7
-12
-16
-5
8
11
6
9
2
-9
-13
-7
1
14
20
8
-13
-30
-28
-24
-22
-22
-32
-42
-48
-44
-40
-41
-47
-51
-49
-30
-21
-11
-17
-37
-68
-80
-78
-58
-49
-36
-26
-23
-27
-35
-23
-9
-4
-15
-27
-38
-38
-38
-20
0
3
-2
-5
-7
-1
4
1
-6
-6
1
4
3
-5
-6
0
12
29
35
27
15
10
12
16
18
21
27
26
20
24
33
41
37
22
18
24
30
28
18
4
-6
-11
-5
5
22
33
36
29
19
10
-7
-22
-33
-34
-26
-12
-7
-3
4
8
13
19
23
16
-1
-9
-13
-15
-9
-2
12
17
19
15
4
3
2
6
8
14
17
22
21
18
13
7
0
0
8
22
36
41
32
12
-7
-23
-33
-31
-20
-6
11
23
31
28
20
15
13
10
9
13
26
33
28
22
18
20
16
9
7
10
20
28
26
15
7
0
-2
8
26
40
40
35
27
26
29
24
11
-9
-28
-32
-21
2
26
42
35
18
-4
-20
-28
-34
-34
-26
-14
-4
-2
-13
-30
-38
-47
-54
-57
-55
-50
-41
-38
-38
-40
-56
-73
-83
-77
-61
-33
-16
-14
-23
-36
-44
-46
-50
-48
-45
-46
-44
-36
-19
0
11
15
15
8
-8
-18
-22
-16
-6
6
12
15
17
24
35
44
37
30
23
19
18
14
16
11
5
8
17
28
44
47
44
36
28
18
13
11
14
17
23
31
23
18
14
19
22
17
11
3
1
6
11
15
11
6
0
1
1
5
11
9
-3
-20
-33
-32
-26
-26
-24
-30
-27
-20
-13
-3
-11
-25
-34
-37
-35
-36
-33
-33
-34
-29
-17
-8
-4
-4
-9
-15
-24
-24
-15
-11
-12
-13
-6
5
14
15
22
17
13
6
-2
-5
-7
-1
2
0
-3
-8
-6
0
5
9
9
10
1
-8
-15
-19
-18
-16
-16
-5
7
15
21
20
17
5
-8
-15
-10
6
19
24
16
3
-4
-8
-6
-4
0
10
20
23
21
21
17
9
2
-1
-1
-2
7
16
22
22
20
17
12
8
10
11
9
-3
-12
-13
-4
12
30
40
42
29
15
3
-6
-4
-2
0
2
7
15
30
42
44
38
24
16
9
6
7
6
9
9
15
17
16
12
12
9
8
2
-2
-6
-6
-2
-2
-1
-3
-2
-4
-8
-5
-1
-4
-12
-17
-11
-4
-3
-5
-7
-4
-2
7
13
14
9
2
1
1
5
12
14
12
7
1
-4
-3
-5
-8
-4
0
4
0
-10
-21
-28
-23
-16
-5
4
8
10
3
-3
-14
-30
-37
-40
-35
-20
-8
0
2
-1
-6
-11
-5
4
7
6
-5
-20
-45
-59
-61
-56
-49
-37
-19
-2
9
8
0
-15
-39
-53
-53
-47
-36
-21
-6
8
15
16
10
1
-6
-7
-9
-9
-9
-6
-8
-6
-3
5
11
16
13
6
-1
-6
-12
-16
-17
-18
-19
-17
-13
-6
2
7
12
11
6
9
11
8
-2
-12
-11
-12
-7
3
11
17
18
15
13
8
3
0
-4
-11
-17
-16
-9
-1
6
15
22
25
21
10
-3
-14
-18
-18
-12
-3
5
12
16
19
23
25
20
12
5
1
-5
-11
-13
-15
-15
-8
1
9
8
3
0
-7
-13
-23
-31
-32
-31
-23
-11
0
4
7
6
3
-1
-6
-14
-19
-22
-21
-26
-30
-26
-17
-5
6
8
10
2
-6
-8
-9
-8
-13
-19
-22
-22
-17
-10
3
9
10
8
5
4
5
2
1
0
-8
-12
-9
2
14
18
17
15
9
1
-4
-4
1
0
-5
-9
-12
-16
-15
-3
8
9
13
13
9
0
-11
-18
-21
-18
-15
-8
-6
-5
-2
4
12
14
11
1
-5
-8
-12
-11
-5
-3
8
25
34
38
36
27
15
1
-10
-14
-5
4
2
2
7
11
10
2
-4
-9
-10
-7
-5
-3
3
3
-8
-15
-1
4
2
1
-3
-10
-9
-6
-14
-13
-2
-9
-16
-8
-2
-8
-3
7
7
2
2
-3
-9
-13
-18
-20
-22
-20
-16
-4
9
10
2
-4
-8
-15
-12
0
11
17
19
15
8
4
0
-2
3
11
2
-11
-4
3
-3
-5
2
3
1
7
7
8
21
17
-3
-21
-23
-19
-11
0
4
9
17
18
14
4
-2
-1
-14
-22
-21
-22
-24
-11
2
3
11
17
8
9
13
2
-5
-16
-29
-31
-21
-14
-13
-11
-12
-16
-17
-17
-14
-16
-28
-35
-38
-39
-35
-29
-27
-28
-27
-27
-34
-29
-29
-30
-25
-27
-32
-28
-21
-21
-16
-11
-11
-8
-4
-6
-5
-1
3
-1
0
3
1
2
4
3
6
9
4
3
5
12
18
19
14
14
11
6
4
9
10
10
12
10
12
10
9
6
1
-7
-9
-6
-4
4
10
7
-1
-2
-5
-3
0
3
2
2
-1
-9
-9
-9
-12
-7
-1
-1
-7
-11
-19
-26
-25
-29
-34
-31
-22
-18
-18
-18
-18
-17
-18
-18
-15
-13
-13
-18
-28
-35
-37
-35
-25
-9
4
10
16
17
14
13
9
4
5
11
13
10
13
17
18
15
8
5
6
2
-2
-7
-12
-18
-24
-20
-16
-8
2
9
9
4
0
-3
-5
-3
-1
1
5
9
10
5
1
-2
0
8
20
29
27
19
14
10
9
14
21
26
32
37
37
37
35
23
11
1
-6
-9
-3
-4
-7
-2
-1
-3
4
7
-4
-9
-12
-22
-25
-21
-25
-23
-9
-2
2
10
14
11
11
10
7
10
8
3
6
6
3
2
-1
-3
-1
-2
-5
-5
-5
-14
-19
-22
-32
-36
-32
-28
-25
-13
-8
-12
-10
-2
2
3
4
3
4
10
8
7
14
24
28
24
22
21
24
27
22
12
5
2
2
4
7
12
8
0
-6
-2
-6
-14
-9
-11
-11
-7
-14
-25
-28
-22
-23
-15
-1
-3
-1
-3
-12
-18
-19
-20
-28
-27
-30
-39
-30
-28
-30
-27
-27
-30
-32
-27
-34
-44
-41
-48
-49
-40
-33
-31
-24
-21
-28
-26
-20
-23
-21
-21
-24
-22
-20
-19
-25
-22
-21
-16
-11
-20
-16
-11
-12
-13
-23
-31
-30
-19
-32
-45
-11
-4
-6
6
7
-7
-4
9
-7
-6
18
3
-4
9
6
8
21
31
21
24
30
12
14
16
-1
-2
3
14
15
22
37
32
38
31
25
22
10
15
14
18
24
17
17
12
19
21
23
29
21
14
6
2
-2
-8
-5
-4
0
5
-3
-5
-6
-12
-16
-21
-21
-28
-27
-27
-33
-22
-19
-22
-23
-26
-23
-33
-31
-37
-44
-43
-46
-42
-40
-27
-19
-22
-20
-27
-31
-27
-27
-30
-31
-23
-15
-10
1
-4
-7
-4
-1
6
14
19
16
12
13
7
12
15
10
18
22
23
23
27
30
29
34
24
14
13
4
10
13
11
1
-1
2
-4
3
6
-4
-1
1
-9
-6
-1
0
0
6
4
2
8
-2
-5
-1
-5
-9
-13
-17
-25
-18
-5
-2
11
16
14
16
19
19
16
17
6
1
2
-1
0
4
1
-1
6
12
12
21
18
5
8
6
5
6
9
8
12
20
15
16
23
16
18
28
32
36
38
38
35
44
46
43
47
46
42
43
39
34
29
26
16
9
8
4
7
12
10
16
20
20
16
12
11
9
11
9
7
8
13
16
15
14
13
5
6
8
6
9
12
15
14
15
17
13
15
14
9
4
0
-3
-6
-2
1
1
2
-1
-4
-6
-3
2
5
9
8
9
5
1
3
4
6
5
1
-4
-3
-2
-6
-3
-3
-10
-10
-6
-1
1
5
1
-5
-5
-13
-24
-28
-30
-28
-26
-22
-17
-12
-9
-10
-8
-9
-10
1
4
-5
-5
-7
-10
-14
-14
-19
-23
-22
-36
-44
-41
-41
-40
-33
-25
-20
-12
-3
-2
3
6
2
-2
-7
-8
-6
-5
-6
-10
-6
-6
-3
6
11
13
11
13
14
18
22
25
23
20
16
17
16
17
20
23
27
28
27
24
19
12
10
14
21
26
32
34
28
20
17
12
9
11
12
7
6
8
9
11
19
19
13
15
10
4
1
0
1
0
4
-1
2
10
7
7
10
13
11
5
6
6
8
10
5
4
1
2
-4
-10
-12
-16
-14
-9
-7
-6
-5
-1
1
2
8
10
13
17
21
27
30
33
28
23
23
21
22
26
32
36
39
46
43
34
28
21
18
19
19
21
23
25
25
21
21
17
14
13
13
11
12
17
22
28
29
28
29
29
27
23
23
19
17
22
21
21
22
26
32
33
32
25
24
23
18
16
13
2
-7
-16
-20
-18
-14
-16
-19
-23
-31
-33
-34
-37
-38
-39
-37
-38
-37
-34
-38
-37
-40
-42
-37
-34
-31
-32
-29
-27
-32
-30
-30
-28
-19
-12
-6
3
10
11
7
9
8
10
9
10
15
17
26
34
41
46
47
49
50
48
50
49
56
64
63
64
60
57
61
62
58
54
48
43
38
35
34
29
27
23
18
20
22
27
34
32
30
27
23
18
14
13
13
19
21
26
28
20
15
13
10
9
6
7
5
5
1
-12
-10
-11
-13
-9
-11
-14
-19
-21
-20
-29
-32
-37
-45
-43
-42
-39
-34
-32
-29
-28
-26
-30
-34
-37
-44
-52
-56
-54
-43
-33
-22
-17
-14
-11
-13
-17
-25
-33
-41
-43
-39
-35
-31
-21
-16
-13
-9
-10
-15
-21
-23
-18
-16
-9
-7
-12
-8
-7
-3
1
3
5
8
13
17
19
24
24
24
29
34
39
44
47
48
45
40
34
29
29
34
37
33
33
33
33
39
38
38
38
33
28
24
22
19
12
10
4
0
3
8
12
14
14
12
10
8
8
8
4
0
-5
-10
-14
-14
-8
-7
-6
-7
-11
-11
-11
-14
-13
-11
-8
-5
0
2
1
1
6
3
-4
-9
-12
-13
-15
-15
-9
-6
-5
-3
-4
3
9
10
9
-4
-14
-28
-31
-29
-24
-14
-7
-4
0
5
5
3
0
-5
-10
-10
-7
-3
6
8
11
13
10
8
2
-1
0
3
6
7
7
10
10
10
7
-1
-1
3
2
0
0
-3
-7
-2
4
7
11
11
10
15
18
16
10
4
3
2
2
-3
-5
-1
-1
-2
0
2
5
9
10
9
4
-3
-7
-5
-4
-4
0
0
1
0
0
2
4
8
12
10
12
11
12
13
9
8
3
3
6
11
16
18
21
23
25
26
26
25
24
25
28
37
47
54
58
59
59
58
54
48
39
36
38
36
33
32
36
40
45
43
38
34
28
18
11
5
0
-6
-7
-7
-4
-3
-3
-7
-11
-13
-12
-14
-14
-12
-10
-7
-6
-5
-8
-9
-8
-8
-11
-12
-16
-19
-23
-25
-24
-23
-20
-19
-17
-13
-14
-15
-19
-23
-26
-30
-32
-33
-34
-34
-34
-35
-33
-28
-23
-18
-15
-17
-21
-24
-24
-23
-22
-21
-19
-20
-18
-16
-15
-17
-16
-17
-18
-17
-18
-14
-14
-14
-15
-14
-12
-5
-2
4
12
16
21
20
18
16
16
16
10
7
8
11
14
17
14
12
10
11
11
13
20
21
23
22
19
19
19
16
14
10
7
5
7
17
20
20
19
17
18
18
17
15
11
7
2
-1
-3
-4
-1
-4
-7
-7
-5
-1
2
6
7
3
-1
-5
-5
-2
0
1
2
-2
-2
-5
-8
-7
-10
-12
-15
-20
-26
-27
-28
-28
-29
-32
-36
-38
-40
-38
-42
-44
-44
-45
-42
-35
-30
-25
-28
-32
-34
-35
-36
-39
-39
-36
-33
-31
-30
-27
-19
-13
-10
-9
-11
-8
-7
-5
-4
-2
-1
-3
-4
-6
-3
3
9
13
16
23
22
21
20
21
24
22
20
20
18
18
20
14
11
9
8
10
12
15
17
15
9
1
0
-2
-6
-7
-5
0
5
10
13
11
13
14
12
6
4
7
8
7
4
-3
-6
-7
-9
-13
-14
-12
-13
-11
-12
-15
-17
-16
-16
-20
-25
-24
-25
-24
-19
-16
-15
-16
-13
-14
-17
-18
-20
-21
-18
-15
-13
-16
-17
-16
-14
-7
0
7
15
15
15
15
11
8
6
4
4
5
12
15
18
22
21
18
13
5
0
0
-1
-5
-4
1
1
5
6
5
4
1
3
2
2
3
0
-2
-6
-14
-16
-19
-16
-11
-8
-5
-7
-12
-15
-18
-21
-22
-23
-27
-31
-31
-31
-31
-26
-22
-21
-23
-25
-27
-28
-26
-25
-26
-23
-21
-20
-18
-17
-16
-13
-14
-18
-21
-20
-20
-22
-23
-22
-21
-19
-19
-23
-25
-22
-23
-20
-18
-13
-7
-7
-7
-5
-3
1
4
10
19
25
27
26
24
27
26
23
21
20
25
30
35
37
36
34
30
27
23
20
24
27
31
32
32
33
32
32
29
24
19
17
19
18
18
18
17
21
20
19
21
19
23
23
17
12
7
5
7
10
11
12
17
19
17
15
12
12
15
11
4
-3
-5
-8
-13
-15
-13
-10
-10
-11
-11
-11
-6
-4
-8
-14
-21
-24
-24
-24
-21
-14
-10
-8
-10
-12
-10
-8
-10
-8
-10
-11
-7
-4
-1
-2
-2
0
1
0
-1
-1
-1
-1
0
-5
-10
-13
-16
-18
-17
-18
-17
-13
-10
-6
0
4
4
3
2
2
1
0
2
5
12
17
18
21
24
27
30
32
30
27
29
29
30
32
33
38
40
37
39
42
44
45
48
49
43
40
31
21
19
16
10
7
6
9
7
5
0
-2
-3
-10
-17
-24
-28
-27
-26
-24
-22
-19
-20
-24
-30
-30
-27
-25
-26
-25
-24
-22
-20
-22
-21
-21
-20
-17
-17
-20
-23
-24
-26
-28
-32
-32
-32
-32
-30
-29
-29
-31
-29
-29
-29
-23
-22
-24
-22
-21
-16
-7
-1
3
8
17
20
20
22
23
23
23
22
21
22
23
25
27
26
26
27
28
28
25
23
20
16
12
7
3
3
3
4
6
8
16
13
6
5
5
0
-4
-8
-11
-9
-5
-6
-5
2
6
7
3
-7
-13
-16
-17
-17
-17
-15
-14
-11
-7
-7
-6
-4
-2
1
2
3
3
1
-2
-5
-3
-4
0
5
11
19
27
25
21
21
17
17
17
18
18
16
18
18
16
16
17
14
13
11
10
13
15
13
9
10
12
13
11
9
4
3
0
-6
-8
-4
-4
-4
-3
-3
-5
-4
-2
-2
3
8
7
3
-1
1
2
7
12
13
15
16
14
7
5
4
3
6
6
2
-2
-2
0
-1
-3
-5
-3
3
7
7
8
5
-1
-2
-1
3
4
7
10
13
20
22
25
26
26
23
15
12
16
22
25
27
29
30
26
20
13
9
7
6
8
7
4
5
8
10
11
11
11
9
11
8
6
11
15
16
16
16
19
26
32
33
33
35
35
32
28
27
27
27
29
29
29
28
29
27
25
23
21
17
15
13
10
5
0
-7
-13
-18
-20
-20
-24
-24
-23
-20
-14
-10
-8
-9
-10
-13
-17
-16
-14
-12
-10
-6
-4
-2
0
2
3
1
-2
-8
-14
-18
-16
-15
-12
-13
-13
-14
-15
-17
-22
-25
-29
-34
-37
-38
-38
-37
-37
-36
-39
-42
-41
-42
-39
-36
-34
-32
-34
-39
-41
-41
-37
-32
-29
-25
-24
-24
-26
-28
-29
-34
-38
-39
-39
-38
-35
-34
-32
-33
-34
-32
-28
-26
-25
-23
-21
-18
-14
-7
0
2
0
-4
-1
7
10
10
10
13
19
23
32
40
46
48
45
37
30
30
30
29
28
28
31
34
34
31
30
30
30
33
35
35
36
39
40
38
34
28
20
17
17
18
17
12
7
4
-1
-1
3
5
5
6
4
3
2
2
3
1
0
-3
-2
-3
-7
-6
-4
-6
-9
-6
-6
-2
4
11
15
16
18
19
20
17
14
12
10
11
11
10
8
10
7
3
0
2
6
11
15
16
14
10
7
6
2
1
-2
-4
-4
-1
5
10
13
18
20
18
14
12
11
11
9
8
8
8
9
6
4
2
-1
-2
1
5
3
-1
-8
-13
-19
-19
-16
-13
-12
-14
-16
-17
-21
-24
-27
-30
-26
-21
-17
-16
-14
-13
-16
-18
-19
-19
-13
-11
-11
-11
-12
-12
-10
-10
-8
-4
2
2
-3
-3
2
10
13
12
6
-2
-6
-4
0
6
8
10
9
6
5
3
-1
-7
-10
-10
-5
-1
2
3
1
-4
-12
-14
-12
-2
8
10
9
7
4
2
1
0
-1
-2
-3
-4
-3
-1
4
6
5
1
-2
-5
-6
-8
-10
-12
-15
-17
-15
-14
-13
-12
-11
-13
-14
-14
-11
-8
-7
-6
-7
-9
-9
-7
-10
-11
-7
-3
1
5
8
11
14
15
17
18
21
21
14
6
1
-3
-6
-6
-5
-6
-5
-5
-10
-10
-10
-12
-16
-18
-20
-19
-18
-18
-20
-19
-18
-19
-18
-18
-17
-12
-10
-13
-15
-15
-16
-14
-12
-13
-14
-15
-12
-9
-7
-4
0
1
1
3
6
9
7
2
-2
-5
-8
-6
-3
5
11
14
18
19
23
28
29
31
34
33
35
36
38
37
35
31
27
26
24
23
24
24
28
30
30
30
31
30
31
35
38
41
45
43
40
37
33
28
28
29
28
27
27
30
27
22
19
19
24
24
22
19
17
18
14
5
-1
-6
-7
-7
-7
-8
-7
-3
-2
-4
0
4
7
9
6
1
-3
-5
-7
-6
-4
-2
-3
-5
-6
-4
-1
3
7
10
10
8
7
2
-2
-4
2
8
9
7
5
3
0
-2
-3
-2
2
-1
-2
0
3
8
12
13
15
18
18
19
20
25
27
28
30
32
33
33
30
27
25
28
30
31
30
30
30
28
26
18
13
10
6
-2
-10
-10
-10
-13
-14
-15
-14
-8
-4
-6
-10
-16
-16
-15
-13
-15
-15
-16
-14
-13
-8
1
4
5
6
3
1
5
8
8
10
10
8
6
2
-1
1
2
0
-2
-1
-1
0
0
-2
-2
-1
2
5
4
1
-2
-4
-7
-8
-9
-10
-7
-5
-5
-4
-6
-9
-6
-4
-1
5
8
9
5
6
1
-2
-6
-8
-8
-4
0
0
2
1
-1
-2
-4
-6
-5
-6
-9
-12
-12
-10
-11
-10
-7
-5
-3
0
2
5
6
7
4
2
0
-1
-6
-6
-4
2
8
12
14
16
16
14
10
9
8
12
16
16
15
14
14
15
16
19
24
27
26
19
13
12
10
10
9
8
10
12
12
8
6
4
4
0
-2
-5
-6
-5
-6
-5
-1
4
7
9
11
13
17
21
19
18
18
23
24
23
23
22
25
31
33
34
35
34
31
25
17
13
11
9
7
10
10
8
7
6
3
-1
-5
-9
-9
-5
-1
2
1
1
4
7
10
10
11
9
9
6
3
2
1
5
7
7
11
13
13
12
13
14
12
8
4
4
3
4
0
-5
-7
-4
-3
-4
-7
-6
-5
-5
-9
-10
-10
-9
-11
-12
-13
-11
-6
-6
-8
-9
-10
-7
-5
-3
-3
-4
-2
-1
3
5
3
1
1
4
1
1
2
5
9
12
14
17
17
17
14
12
15
17
21
23
24
26
28
30
28
23
19
20
21
17
11
3
-1
-2
-3
-5
-7
-4
-2
0
-1
-2
-2
-2
-4
-5
-7
-9
-9
-8
-10
-11
-12
-19
-20
-15
-10
-9
-13
-21
-24
-25
-27
-28
-29
-32
-40
-44
-48
-50
-51
-50
-51
-52
-53
-52
-47
-41
-40
-38
-38
-37
-31
-28
-28
-28
-27
-24
-22
-21
-20
-24
-29
-29
-30
-30
-26
-20
-16
-13
-12
-14
-19
-24
-25
-23
-18
-15
-15
-16
-16
-19
-21
-19
-19
-19
-16
-15
-16
-16
-12
-8
-2
-1
-1
-2
-6
-10
-12
-12
-10
-9
-7
-4
0
1
4
9
12
12
12
13
12
11
8
5
5
7
13
19
22
21
16
13
13
12
10
9
6
5
1
-3
-5
-2
2
7
12
15
16
22
28
28
27
27
27
26
28
28
28
29
27
23
20
21
25
26
25
24
21
17
10
4
-2
-5
-4
-1
1
4
2
-2
-2
-7
-8
-10
-15
-18
-21
-20
-19
-19
-18
-17
-15
-18
-20
-19
-21
-25
-27
-29
-28
-22
-18
-14
-12
-11
-10
-10
-15
-18
-18
-17
-19
-19
-17
-14
-13
-14
-16
-16
-17
-17
-20
-23
-22
-20
-19
-20
-20
-20
-22
-24
-28
-32
-33
-34
-38
-38
-34
-28
-21
-15
-12
-11
-11
-11
-13
-14
-11
-7
-3
-4
-2
-1
2
4
5
6
8
8
8
5
4
3
3
6
7
7
4
2
3
7
9
10
10
10
7
6
6
6
5
4
4
3
3
2
3
1
0
-2
-3
-1
3
5
7
8
7
7
6
4
6
6
3
2
3
5
5
6
4
0
-3
-5
-5
-5
-7
-7
-9
-12
-11
-7
-6
-11
-16
-22
-26
-24
-23
-23
-21
-21
-23
-28
-28
-28
-26
-24
-25
-26
-27
-27
-25
-22
-19
-18
-17
-18
-23
-24
-25
-29
-33
-35
-37
-38
-38
-33
-29
-24
-20
-18
-16
-15
-15
-13
-11
-11
-12
-11
-11
-10
-7
-4
-3
-2
0
1
1
4
8
11
13
12
7
4
4
7
8
6
1
-5
-10
-15
-16
-13
-11
-9
-9
-8
-8
-8
-10
-13
-16
-19
-23
-29
-31
-28
-26
-26
-27
-27
-23
-23
-21
-23
-25
-27
-26
-26
-27
-25
-20
-17
-15
-14
-15
-11
-10
-7
-1
6
13
14
13
9
8
8
6
4
6
6
6
9
12
15
19
19
17
17
18
18
18
16
13
12
11
9
5
2
3
5
3
-1
-4
-6
-5
-4
-1
1
6
10
12
14
20
23
23
21
19
15
14
14
16
17
17
18
15
10
6
5
3
0
-1
0
1
3
3
1
-1
-5
-11
-17
-22
-24
-24
-24
-25
-26
-25
-23
-22
-21
-20
-23
-27
-31
-32
-28
-23
-21
-16
-12
-9
-5
-2
0
4
8
9
6
7
7
8
9
7
7
8
8
7
4
2
4
6
6
6
7
7
10
12
11
10
11
9
6
1
-3
-2
2
3
4
4
4
0
1
2
6
10
10
8
2
-4
-7
-7
-7
-4
0
2
1
1
0
-1
0
-2
-6
-13
-18
-20
-20
-20
-19
-17
-13
-11
-11
-13
-15
-18
-23
-25
-25
-25
-22
-19
-18
-21
-20
-18
-18
-19
-19
-18
-17
-17
-22
-24
-26
-26
-25
-23
-21
-21
-16
-13
-13
-12
-13
-13
-14
-13
-12
-12
-12
-12
-13
-14
-16
-16
-19
-19
-21
-23
-23
-21
-21
-21
-23
-23
-24
-23
-21
-19
-14
-10
-8
-7
-8
-10
-12
-13
-11
-7
-2
-2
-5
-6
-6
-4
-6
-9
-13
-16
-17
-16
-16
-18
-18
-18
-19
-23
-27
-29
-31
-29
-28
-25
-24
-23
-18
-18
-15
-14
-12
-9
-6
-4
-2
-1
2
1
3
2
1
0
-1
2
6
10
12
13
14
14
13
13
15
18
21
23
22
19
18
18
16
15
15
14
13
12
13
12
12
12
11
14
17
18
16
12
10
12
14
15
15
11
9
6
2
-1
-1
0
-1
-2
-3
-2
1
5
6
6
5
6
8
6
3
-1
-4
-5
-5
-5
-4
-2
-1
0
1
1
0
-5
-8
-10
-9
-8
-6
-5
-4
-5
-9
-13
-16
-21
-24
-25
-25
-23
-21
-18
-17
-16
-17
-18
-21
-23
-23
-20
-17
-13
-10
-7
-3
-1
-1
-3
-5
-9
-12
-16
-21
-24
-25
-23
-21
-18
-16
-18
-20
-21
-23
-20
-16
-13
-14
-15
-11
-6
-5
-4
-4
-5
-5
-5
-5
-5
0
4
6
6
6
7
11
17
20
19
19
16
15
16
18
18
18
19
21
23
25
24
23
23
21
16
10
4
1
1
1
5
9
9
9
6
1
0
-4
-7
-7
-8
-10
-13
-15
-15
-15
-15
-17
-17
-17
-17
-18
-20
-23
-24
-23
-22
-21
-19
-19
-19
-20
-22
-24
-24
-24
-25
-22
-20
-20
-20
-24
-25
-23
-19
-17
-11
-6
-3
-3
-4
-7
-11
-11
-11
-10
-11
-15
-14
-12
-10
-11
-12
-15
-19
-22
-25
-27
-28
-24
-20
-14
-7
-3
0
4
5
7
10
11
7
2
-5
-10
-13
-13
-11
-6
-1
5
6
8
9
8
6
5
4
1
1
2
1
3
6
9
10
12
13
14
15
14
10
9
7
8
7
9
16
22
28
29
28
24
19
17
13
9
1
-4
-5
-7
-6
-7
-6
-5
-8
-8
-6
-3
-2
-5
-9
-14
-16
-15
-12
-6
-4
-5
-1
5
7
7
6
3
4
8
8
9
8
5
5
3
4
5
6
5
2
5
7
9
10
10
10
11
10
9
8
8
11
14
16
18
20
22
22
20
20
22
23
25
28
30
30
31
34
35
34
32
30
24
19
18
18
20
26
30
32
28
19
12
7
6
7
11
13
14
14
15
15
14
12
5
1
-4
-10
-15
-19
-19
-19
-17
-16
-14
-12
-12
-18
-25
-32
-33
-33
-32
-32
-33
-32
-31
-34
-36
-37
-36
-33
-29
-27
-24
-19
-14
-7
-1
4
7
10
15
16
18
16
13
15
15
14
11
12
12
12
14
16
18
19
18
16
13
12
14
15
14
16
16
18
20
21
21
20
20
23
25
25
25
25
21
17
12
10
11
16
22
26
27
22
16
10
8
8
9
9
8
7
8
9
10
10
9
9
9
7
7
6
5
4
3
1
0
0
1
-1
-5
-11
-17
-23
-27
-30
-29
-27
-24
-21
-19
-18
-17
-14
-13
-14
-15
-16
-15
-9
-4
3
7
9
9
6
5
2
-1
-2
-2
0
0
-1
-1
-3
-9
-13
-14
-14
-11
-7
-2
3
6
10
15
18
18
18
17
17
18
19
17
15
11
9
8
11
15
20
22
20
17
13
13
14
15
16
17
20
20
16
10
4
0
-3
-5
-4
-5
-4
-2
2
8
15
18
22
25
26
25
24
23
20
17
17
16
14
12
10
8
6
3
2
-3
-8
-10
-9
-5
-1
0
0
-1
-1
-2
-4
-7
-10
-10
-8
-4
1
5
7
8
12
11
12
10
7
4
2
1
1
2
4
5
5
3
1
0
1
2
2
2
1
0
-3
-6
-8
-8
-9
-12
-12
-11
-7
-4
-1
-2
-2
-3
-3
-3
-2
-3
-3
-3
-2
-1
1
4
8
12
13
14
13
14
11
7
4
1
1
4
10
19
27
33
35
33
30
23
17
15
15
15
17
18
19
20
21
23
23
20
17
14
12
12
13
10
5
1
-3
-8
-11
-11
-9
-8
-7
-7
-7
-6
-5
-4
-4
-1
0
0
-2
-3
-3
-2
-2
-4
-5
-6
-4
-4
-7
-9
-12
-12
-8
-5
-1
0
0
-1
-1
-3
-6
-9
-12
-13
-14
-15
-15
-14
-12
-6
-6
-5
-8
-12
-18
-21
-22
-25
-30
-31
-27
-23
-17
-13
-13
-15
-15
-14
-15
-17
-20
-22
-23
-25
-24
-23
-19
-13
-10
-9
-13
-17
-21
-23
-24
-22
-21
-18
-16
-14
-14
-14
-15
-14
-13
-13
-12
-16
-20
-21
-20
-17
-15
-12
-10
-13
-15
-18
-18
-16
-14
-13
-11
-10
-7
-5
-1
1
1
-1
0
0
0
-3
-6
-7
-4
-2
2
6
9
8
7
6
3
3
3
3
5
9
14
18
20
20
19
17
14
13
10
8
7
10
14
17
18
20
22
25
28
31
30
30
32
36
37
38
37
36
30
24
20
20
21
23
24
23
23
22
20
20
19
16
13
9
8
7
7
9
13
17
19
20
17
13
11
12
15
20
22
21
17
11
6
2
0
1
2
3
4
4
2
-1
-4
-4
0
2
3
5
3
-2
-6
-12
-13
-14
-15
-16
-18
-21
-25
-28
-32
-35
-36
-35
-36
-37
-39
-40
-42
-44
-44
-42
-41
-39
-37
-38
-39
-38
-35
-33
-32
-34
-35
-31
-28
-24
-21
-19
-17
-13
-10
-7
-5
-2
-1
1
0
-3
-4
-5
-5
-3
-2
0
2
5
8
11
15
18
18
16
13
11
8
8
8
8
8
9
7
6
5
2
0
2
7
12
14
16
19
21
20
22
25
26
26
22
20
20
23
25
25
22
17
12
8
3
4
6
5
4
5
5
3
4
7
7
7
9
12
10
10
7
1
-2
-3
-3
-2
-2
-1
0
-1
-2
-1
0
-3
-3
-3
0
2
3
2
1
2
6
6
6
5
1
-1
-2
-2
-1
0
3
5
6
6
6
8
9
5
3
2
2
4
6
7
6
4
2
1
2
2
3
4
5
6
5
2
1
1
2
2
4
7
12
16
16
15
12
7
3
1
0
-2
-4
-4
-3
-4
-6
-10
-10
-13
-16
-19
-22
-23
-20
-16
-11
-6
-4
-2
-3
-2
-2
-4
-7
-9
-9
-8
-7
-9
-11
-12
-12
-11
-11
-12
-12
-12
-8
-3
0
3
4
4
2
0
-1
-1
-2
-3
-1
2
6
8
10
11
10
9
7
8
8
5
1
-3
-6
-5
-3
-2
-2
-4
-5
-5
-3
0
5
8
7
10
12
16
21
23
25
26
25
28
29
25
20
17
12
9
9
10
8
9
11
10
7
6
3
-1
-8
-8
-4
-1
0
1
3
6
11
17
17
17
15
14
11
6
2
4
6
10
15
20
24
25
23
21
22
23
23
18
17
18
21
19
15
12
10
8
6
2
-2
-4
-7
-10
-12
-9
-8
-6
-5
-4
-5
-8
-10
-9
-11
-11
-12
-13
-14
-12
-12
-10
-10
-9
-12
-13
-10
-5
4
9
12
9
5
5
6
9
11
9
8
9
10
11
13
15
16
18
19
22
22
22
20
14
10
6
6
8
11
13
13
10
7
3
1
0
0
1
1
3
6
9
12
14
12
10
9
9
11
14
16
18
18
14
9
2
-4
-7
-8
-8
-7
-9
-9
-6
-7
-7
-8
-9
-9
-9
-10
-10
-13
-17
-19
-19
-21
-20
-18
-14
-12
-12
-12
-10
-6
0
7
9
6
3
1
1
3
7
10
12
14
18
21
22
19
21
24
28
30
31
32
32
36
42
50
55
56
57
59
60
60
59
56
51
49
48
48
48
47
52
56
56
56
54
51
47
44
42
38
34
34
35
36
37
39
39
36
29
25
21
17
16
14
13
8
4
0
-4
-5
-4
-3
-5
-8
-12
-13
-14
-16
-16
-15
-15
-14
-13
-14
-18
-18
-16
-17
-19
-21
-21
-18
-17
-17
-17
-17
-15
-16
-16
-16
-19
-22
-23
-19
-13
-8
-1
4
7
7
5
6
5
5
6
5
4
2
2
3
3
3
5
6
7
7
9
10
13
11
8
5
6
7
9
13
18
21
25
28
32
32
31
30
26
21
16
9
6
3
1
-1
-3
-4
-5
-7
-11
-12
-12
-11
-13
-19
-23
-25
-23
-20
-19
-18
-19
-20
-21
-23
-25
-25
-22
-19
-17
-20
-22
-24
-25
-24
-24
-25
-26
-24
-19
-14
-13
-13
-14
-15
-16
-19
-20
-22
-23
-24
-23
-22
-19
-15
-11
-8
-4
0
3
2
-2
-5
-6
-6
-6
-6
-4
-2
1
3
3
1
-3
-7
-9
-11
-11
-13
-14
-14
-13
-12
-11
-6
-1
4
5
1
-3
-2
2
6
9
12
13
14
14
17
18
16
11
5
-3
-6
-9
-8
-4
-3
-4
-5
-7
-9
-11
-12
-14
-16
-19
-18
-16
-12
-10
-10
-11
-13
-13
-11
-8
-6
-2
0
1
2
3
6
11
14
13
12
7
5
7
9
12
15
16
20
22
19
16
12
9
8
7
4
-1
-6
-7
-8
-10
-11
-12
-13
-7
-2
1
1
2
5
4
2
0
-1
0
0
-1
2
6
10
9
9
11
16
18
16
12
9
7
7
7
4
4
2
3
4
3
5
4
1
-1
0
1
3
1
1
2
2
3
3
3
2
0
-3
-4
-5
-7
-8
-6
-5
-8
-13
-21
-23
-20
-13
-7
-5
-1
2
4
4
3
0
-1
-3
-5
-9
-13
-16
-18
-17
-16
-11
-5
-3
-6
-11
-16
-20
-23
-23
-23
-24
-26
-23
-21
-18
-16
-12
-5
3
7
8
8
10
11
12
12
9
9
10
14
16
20
23
27
24
19
15
14
11
11
10
9
10
12
13
13
11
9
7
6
6
4
1
-2
-1
-1
-1
0
1
2
3
2
2
0
-3
-7
-6
-4
-2
-1
1
2
2
2
3
4
3
5
5
7
8
7
1
-2
-2
-1
0
0
-1
-6
-12
-19
-25
-28
-27
-22
-19
-17
-18
-22
-23
-23
-25
-23
-21
-20
-20
-22
-22
-21
-19
-19
-17
-16
-15
-17
-14
-11
-11
-8
-7
-7
-9
-11
-12
-15
-15
-13
-12
-14
-14
-18
-21
-22
-21
-20
-19
-19
-18
-18
-15
-13
-12
-10
-10
-8
-6
-2
2
5
5
3
1
-2
-4
-5
-5
-5
-6
-7
-8
-9
-9
-6
-4
-3
-5
-6
-6
-3
-1
1
3
5
5
6
7
12
17
18
20
21
22
23
28
33
37
36
34
34
35
38
40
40
36
31
24
22
19
17
19
20
21
20
20
20
19
17
15
12
8
9
8
8
5
0
-6
-9
-12
-14
-15
-17
-14
-11
-9
-6
-4
-4
-4
-4
-5
-5
-1
1
6
13
19
22
20
19
20
19
23
27
32
35
36
36
34
35
35
34
31
29
27
25
26
26
24
23
19
17
13
12
9
6
4
2
-1
-4
-6
-11
-15
-21
-26
-34
-39
-42
-41
-40
-40
-42
-42
-43
-44
-43
-42
-38
-35
-30
-25
-25
-22
-17
-12
-9
-6
-4
-2
2
6
8
9
11
15
22
29
33
33
29
25
22
18
16
14
12
12
13
13
6
8
17
19
9
12
23
21
11
22
24
12
8
17
11
-4
1
6
-4
-10
-2
-9
-23
-25
-20
-26
-33
-30
-31
-42
-42
-35
-36
-42
-38
-33
-39
-41
-33
-31
-35
-30
-21
-18
-21
-16
-11
-9
-8
0
5
5
6
9
9
9
13
16
15
19
23
23
22
24
21
12
11
14
9
1
5
14
13
8
15
23
19
15
22
22
8
4
4
-5
-11
-3
1
-8
-10
-4
-6
-15
-10
-8
-18
-26
-24
-27
-33
-28
-20
-20
-19
-12
-5
-4
-1
3
4
2
3
4
4
3
3
8
11
8
10
14
13
13
14
12
10
9
8
6
8
12
12
15
18
16
10
12
15
18
21
24
20
9
14
25
19
13
29
38
26
20
30
20
5
12
21
8
2
12
7
-5
0
5
-7
-16
-7
-5
-18
-20
-10
-16
-31
-28
-21
-31
-42
-35
-36
-52
-49
-34
-36
-42
-31
-24
-34
-35
-22
-19
-21
-15
-4
-4
-3
1
5
1
0
4
2
2
5
8
5
0
-2
-8
-14
-14
-11
-11
-11
-7
-1
-2
-5
-2
1
-4
-8
-4
3
0
-1
8
13
10
16
26
23
20
25
23
11
13
17
14
4
7
9
6
8
20
23
15
17
27
26
23
30
32
23
20
29
26
22
26
38
33
31
38
41
36
40
50
53
50
51
53
52
53
57
55
47
43
42
38
32
35
36
32
32
40
43
41
37
37
32
27
28
37
36
27
26
28
21
12
14
15
9
8
15
13
4
1
3
-5
-8
-4
-2
-9
-9
-5
-9
-22
-28
-28
-33
-36
-40
-34
-32
-31
-32
-25
-30
-34
-26
-20
-30
-30
-20
-27
-36
-26
-20
-32
-30
-17
-14
-18
-10
-5
-10
-14
-10
-15
-22
-21
-16
-16
-18
-18
-18
-22
-26
-24
-26
-27
-26
-25
-25
-24
-19
-10
-10
-12
-8
-2
-2
1
10
16
11
13
17
12
6
7
7
0
-1
3
0
-5
-2
-1
-2
-1
0
-7
-10
-7
-7
-13
-8
-8
-12
-18
-14
-20
-21
-13
-8
-10
-4
5
7
9
13
10
2
5
9
12
13
22
23
20
24
32
30
25
26
27
23
24
29
33
32
34
35
32
31
34
32
25
26
31
28
14
11
10
1
-2
6
12
8
8
14
8
2
-3
-5
-18
-22
-22
-26
-34
-34
-30
-32
-36
-34
-37
-40
-41
-37
-34
-39
-46
-49
-43
-44
-44
-39
-38
-48
-44
-40
-46
-51
-38
-34
-44
-37
-24
-32
-40
-30
-26
-33
-31
-24
-27
-28
-15
-10
-7
-1
5
6
10
15
22
25
27
31
34
35
34
32
37
47
44
35
39
48
38
32
41
38
26
23
25
13
6
11
6
-6
-9
-10
-21
-29
-29
-30
-36
-35
-32
-28
-31
-33
-27
-16
-16
-25
-18
-13
-19
-15
-2
-10
-21
-12
-4
-17
-14
3
-1
-13
0
12
1
3
21
21
14
24
31
24
24
34
33
31
37
40
40
43
47
46
45
47
50
45
46
41
34
37
43
36
32
47
56
45
48
61
49
36
40
39
26
26
35
31
18
21
21
11
7
7
4
-8
-13
-16
-20
-26
-31
-32
-32
-35
-49
-50
-44
-46
-50
-45
-51
-60
-53
-44
-53
-57
-46
-48
-57
-43
-26
-34
-42
-29
-23
-31
-26
-14
-20
-23
-15
-11
-12
-10
-4
-8
-12
-6
-3
0
3
2
8
18
18
16
30
44
31
26
40
44
26
30
41
34
22
28
31
17
21
33
29
19
23
24
10
4
9
11
3
3
6
7
2
-2
4
18
22
4
2
13
11
1
6
3
-11
-4
4
-14
-23
-5
-9
-27
-16
-3
-23
-29
-12
-5
-12
-7
4
-4
-12
-6
-10
-20
-20
-18
-20
-16
-7
1
3
7
13
25
23
7
10
30
29
13
18
32
22
15
33
41
27
19
27
15
4
3
0
-19
-24
-16
-24
-37
-30
-23
-33
-43
-39
-37
-43
-51
-61
-62
-54
-59
-76
-71
-52
-52
-54
-43
-44
-51
-40
-29
-32
-27
-16
-27
-28
-7
-1
-16
-11
5
6
0
10
15
5
9
16
15
10
7
7
3
10
22
22
26
36
47
45
34
43
61
54
39
43
58
52
44
52
54
44
40
39
25
20
24
17
-1
3
5
-10
-25
-21
-16
-25
-33
-27
-22
-23
-31
-39
-28
-10
-21
-32
-13
-1
-11
-7
1
-18
-18
2
2
-13
3
3
-24
-22
0
-14
-31
-18
-8
-13
-9
1
-7
-16
-4
4
2
4
7
7
8
9
14
15
19
22
13
1
8
29
19
2
18
34
24
29
44
42
26
28
26
16
17
23
6
-15
-14
-12
-32
-48
-39
-37
-47
-54
-47
-44
-51
-63
-65
-51
-40
-53
-66
-56
-48
-49
-41
-36
-41
-30
-17
-25
-31
-12
-16
-33
-22
-1
-14
-27
-25
-22
-18
-9
-12
-14
-10
-1
3
5
8
9
12
12
12
15
21
16
7
7
26
38
22
18
41
60
43
37
47
44
29
30
27
22
29
38
22
2
5
7
-9
-20
-13
-23
-42
-43
-33
-32
-45
-54
-47
-33
-35
-40
-32
-23
-17
-11
-18
-31
-26
-16
-29
-33
-15
-14
-33
-31
-10
-7
-16
-19
-18
-16
-5
2
-1
4
13
13
11
22
30
30
29
37
43
53
49
32
34
63
65
32
21
47
52
22
25
39
31
11
14
3
-9
-9
-10
-41
-49
-37
-49
-79
-78
-58
-68
-88
-84
-60
-54
-65
-69
-55
-40
-41
-50
-50
-44
-39
-41
-41
-36
-19
-11
-18
-16
1
0
-16
-18
-5
0
2
6
2
-3
2
9
7
-4
-12
-7
14
24
1
-15
9
47
43
-6
-28
22
63
23
-28
-1
46
38
13
6
10
18
24
-6
-19
16
41
-8
-55
-30
18
2
-42
-51
-27
-10
-15
-32
-44
-41
-18
4
-9
-32
-12
33
42
22
17
18
22
38
35
2
-1
37
44
9
-8
11
29
24
2
-7
13
32
18
-5
5
35
51
33
0
8
59
89
37
-39
-22
89
129
35
-52
-7
61
52
0
-32
-29
8
29
-17
-54
-23
9
-40
-84
-61
-33
-64
-96
-78
-41
-37
-68
-87
-69
-34
-21
-37
-59
-47
3
30
-1
-32
-10
34
53
28
-17
-38
3
47
35
-15
-27
9
46
51
34
20
10
4
14
37
41
14
-19
-2
63
115
84
-24
-78
19
158
117
-61
-119
18
119
72
-45
-97
-50
47
43
-82
-155
-78
-5
-57
-131
-136
-102
-95
-93
-95
-110
-125
-117
-97
-78
-77
-99
-114
-103
-57
-15
-24
-88
-104
-25
54
31
-55
-101
-63
32
86
26
-77
-80
30
124
101
-2
-74
-26
100
166
87
-48
-66
72
215
194
25
-105
-25
190
254
59
-135
-78
118
187
68
-87
-109
25
135
53
-100
-116
-23
11
-31
-82
-109
-110
-81
-61
-65
-88
-113
-122
-91
-37
-24
-74
-122
-82
30
90
17
-94
-85
58
165
92
-79
-133
8
178
160
-27
-153
-55
144
201
48
-131
-115
86
234
148
-68
-140
34
251
259
37
-163
-92
194
326
120
-156
-139
99
240
127
-89
-170
-27
153
102
-106
-186
-62
46
12
-93
-147
-121
-46
-11
-54
-114
-109
-64
-40
-36
-28
-28
-49
-39
17
61
20
-63
-71
36
133
75
-85
-144
-17
143
139
-45
-187
-104
111
168
-7
-182
-126
85
199
85
-113
-125
106
307
210
-87
-214
22
337
318
-14
-211
-44
240
286
59
-178
-146
103
210
18
-198
-166
10
81
-20
-158
-185
-70
35
-5
-128
-154
-66
2
-23
-79
-81
-35
4
7
-2
-18
-35
-29
18
64
48
-47
-131
-97
40
112
2
-179
-203
-28
129
79
-106
-180
-34
164
162
-38
-154
17
279
271
-39
-257
-47
347
400
40
-248
-125
216
349
113
-222
-240
61
236
46
-227
-239
-33
116
45
-150
-229
-83
92
72
-83
-136
-25
82
59
-11
-1
60
103
104
68
9
2
55
101
99
50
-54
-117
-37
105
122
-21
-176
-167
2
124
45
-126
-148
11
148
78
-88
-80
157
318
137
-193
-197
186
450
229
-184
-272
21
316
259
-95
-323
-138
164
147
-137
-304
-194
19
93
-51
-234
-210
-1
117
29
-100
-106
-11
79
87
31
-9
26
104
136
67
-54
-73
67
203
133
-110
-262
-140
116
191
-30
-300
-298
-27
176
69
-180
-223
-4
185
108
-114
-139
143
386
209
-211
-275
165
527
320
-179
-359
-54
335
319
-103
-415
-236
132
179
-122
-360
-279
-5
132
-29
-277
-275
-19
156
61
-116
-124
28
146
114
20
0
85
179
174
45
-80
-39
148
247
104
-158
-251
-64
187
185
-82
-299
-223
36
151
1
-177
-119
95
179
31
-109
22
341
440
97
-294
-143
427
655
223
-319
-342
108
469
284
-258
-496
-150
249
171
-237
-445
-243
108
183
-105
-374
-222
172
300
38
-194
-77
240
364
168
-78
-45
248
439
278
-72
-210
32
384
393
-7
-382
-296
114
348
127
-286
-432
-160
182
190
-96
-257
-66
221
239
-1
-127
115
498
510
29
-367
-77
571
708
135
-441
-391
142
496
225
-386
-602
-207
196
84
-341
-540
-319
45
113
-189
-441
-248
157
258
-15
-228
-97
208
320
132
-102
-73
190
354
183
-154
-280
-35
280
244
-166
-494
-376
14
187
-51
-406
-467
-194
71
39
-168
-211
-5
181
111
-81
-54
278
558
351
-202
-389
124
696
563
-115
-545
-308
246
432
-5
-555
-548
-81
175
-73
-454
-495
-148
180
98
-267
-376
-18
379
348
6
-165
40
366
434
186
-75
-23
268
409
172
-198
-287
1
300
200
-244
-533
-349
58
196
-64
-385
-390
-85
170
119
-79
-94
133
317
241
46
61
375
642
438
-122
-362
84
643
550
-120
-614
-464
66
319
-33
-586
-665
-234
102
-36
-391
-498
-203
175
205
-119
-323
-67
366
486
217
-71
-45
251
466
333
-18
-183
7
260
191
-185
-456
-306
81
188
-179
-597
-554
-121
179
41
-325
-467
-192
205
289
47
-113
61
344
389
194
67
248
548
509
28
-367
-161
374
509
17
-568
-655
-229
180
71
-431
-705
-441
-19
76
-170
-397
-276
128
386
217
-102
-99
266
587
528
167
-100
15
343
421
91
-291
-309
-5
190
-34
-452
-539
-162
191
56
-379
-564
-268
190
314
-17
-374
-282
170
469
335
30
-31
224
473
427
175
74
274
490
342
-111
-379
-153
264
313
-125
-578
-560
-142
153
-18
-403
-489
-157
191
166
-143
-280
-1
437
565
269
-59
1
379
622
450
77
-86
76
249
120
-210
-359
-176
49
-18
-323
-503
-310
71
181
-112
-410
-323
31
275
200
-82
-242
-55
281
385
204
22
58
252
393
301
49
-62
137
396
338
-57
-407
-369
-7
254
86
-318
-483
-270
-2
12
-164
-231
-51
177
155
-85
-209
4
365
514
310
-22
-134
82
365
401
177
-59
-119
-34
20
-88
-260
-275
-136
-78
-198
-335
-300
-93
87
43
-153
-230
-95
94
174
106
-48
-128
-18
157
194
99
21
40
126
192
134
-30
-97
79
332
317
-84
-509
-465
32
398
206
-294
-544
-349
-6
119
-14
-146
-81
80
113
-33
-160
-45
271
466
290
-94
-269
-52
307
429
200
-158
-319
-147
131
136
-187
-444
-302
42
136
-109
-345
-245
77
228
45
-213
-230
20
281
260
-63
-332
-199
186
363
167
-128
-190
22
261
258
22
-142
12
330
382
-32
-529
-509
57
500
268
-361
-657
-354
116
226
-42
-271
-185
74
186
22
-216
-172
210
530
382
-86
-325
-85
322
465
231
-155
-349
-171
173
244
-112
-479
-386
15
183
-55
-332
-260
80
245
20
-289
-284
20
309
298
-57
-416
-342
125
455
314
-47
-200
-44
197
274
146
-15
13
251
412
156
-385
-608
-177
423
449
-127
-629
-570
-163
109
71
-79
-116
-13
87
30
-137
-135
188
568
555
103
-326
-282
149
514
485
97
-339
-461
-156
249
260
-171
-523
-398
-36
80
-98
-216
-67
153
134
-108
-265
-128
196
415
281
-139
-427
-241
217
445
259
-40
-121
25
189
192
60
-19
116
389
439
20
-556
-645
-82
502
453
-116
-569
-535
-217
22
91
103
127
121
37
-106
-180
4
416
697
498
-57
-448
-324
145
498
432
3
-457
-566
-238
169
193
-167
-433
-314
-57
-2
-95
-65
119
227
90
-167
-259
-75
223
373
206
-163
-378
-218
124
278
155
-13
-27
72
138
78
-55
-77
150
476
506
43
-564
-710
-233
347
444
59
-353
-490
-408
-245
-37
193
341
293
43
-256
-369
-133
353
709
581
34
-477
-530
-147
310
473
204
-305
-625
-473
-46
191
42
-218
-258
-121
-46
-70
-31
130
263
206
-34
-269
-264
15
316
326
6
-337
-371
-102
169
212
105
43
84
140
120
17
-45
118
478
669
347
-322
-733
-491
134
508
330
-129
-460
-521
-397
-170
114
346
394
203
-141
-410
-338
114
625
757
367
-239
-589
-460
-12
400
449
66
-446
-642
-377
49
239
112
-106
-210
-185
-105
-8
111
216
226
73
-202
-392
-294
54
331
240
-158
-496
-485
-146
224
344
193
-23
-94
19
148
139
80
195
464
541
152
-479
-770
-419
213
500
217
-304
-603
-544
-302
-54
170
359
420
243
-127
-420
-320
201
753
843
351
-355
-739
-534
52
514
463
-43
-563
-669
-327
108
276
147
-52
-150
-136
-57
60
197
308
283
51
-255
-367
-153
208
384
207
-170
-427
-356
-19
317
410
251
45
-12
97
207
200
175
312
551
566
134
-512
-804
-421
288
621
292
-321
-669
-572
-238
73
296
444
457
238
-145
-408
-270
254
772
819
283
-447
-808
-556
42
466
376
-131
-612
-679
-327
115
313
216
10
-124
-142
-73
54
229
360
286
-16
-345
-430
-178
214
404
212
-188
-443
-383
-77
255
394
288
97
-9
7
79
146
218
358
533
525
155
-444
-793
-536
118
545
377
-157
-559
-585
-355
-73
201
444
516
288
-154
-499
-431
81
670
829
374
-352
-785
-643
-114
351
402
19
-480
-703
-502
-59
294
364
188
-83
-278
-277
-59
253
425
288
-96
-450
-525
-274
105
312
200
-93
-314
-327
-152
111
317
353
228
57
-32
31
181
279
302
336
386
314
-8
-465
-686
-423
105
407
258
-164
-507
-553
-331
19
377
600
525
135
-332
-540
-291
290
775
754
198
-508
-857
-612
14
513
484
-32
-595
-773
-467
73
458
465
161
-219
-420
-309
24
344
418
162
-282
-615
-583
-209
216
378
190
-164
-400
-362
-90
256
442
347
83
-126
-138
34
231
311
288
278
293
212
-70
-469
-668
-431
44
315
199
-113
-351
-401
-289
-47
308
645
703
364
-186
-573
-486
67
679
821
336
-407
-856
-735
-199
317
430
103
-364
-613
-482
-75
336
519
396
50
-292
-353
-40
407
605
364
-161
-593
-612
-215
281
501
324
-65
-353
-363
-140
175
415
429
232
9
-68
29
197
309
329
335
394
428
275
-138
-592
-718
-413
67
381
366
76
-313
-585
-534
-67
605
1035
901
272
-445
-758
-427
298
834
748
113
-600
-908
-665
-126
294
325
10
-361
-482
-260
145
466
505
237
-140
-317
-137
250
497
376
-33
-448
-609
-420
-34
241
213
-27
-250
-311
-229
-96
25
117
170
202
232
242
212
141
64
82
268
555
716
496
-148
-860
-1089
-651
78
543
461
-47
-607
-858
-645
-48
637
1015
849
274
-305
-518
-245
303
684
583
81
-447
-665
-506
-175
33
2
-163
-262
-185
30
236
313
258
129
0
-31
78
239
317
214
-27
-249
-323
-263
-155
-72
-52
-67
-59
-46
-106
-236
-306
-187
96
394
543
460
228
9
-70
49
347
679
816
588
-11
-727
-1077
-802
-175
273
247
-156
-593
-752
-564
-171
279
634
746
596
304
49
-15
157
385
411
173
-152
-367
-410
-353
-332
-379
-399
-299
-94
105
190
161
124
151
186
183
184
220
262
265
186
29
-133
-245
-297
-275
-181
-76
-11
-6
-107
-301
-445
-395
-146
184
438
491
333
108
1
91
334
606
748
657
363
-68
-508
-719
-594
-315
-142
-182
-377
-560
-581
-451
-234
59
383
619
679
579
388
227
196
253
265
176
10
-195
-392
-536
-605
-587
-477
-315
-172
-75
-23
17
89
192
262
275
279
303
342
370
329
185
-1
-167
-277
-288
-213
-123
-74
-92
-194
-352
-451
-391
-163
141
367
412
315
214
219
339
493
606
664
657
557
321
-75
-494
-689
-596
-395
-289
-353
-518
-630
-585
-421
-177
166
539
788
826
669
428
291
351
476
473
286
-27
-333
-502
-535
-543
-561
-533
-427
-276
-153
-97
-66
9
126
241
336
407
450
480
460
338
150
-35
-165
-214
-208
-228
-301
-371
-410
-433
-444
-437
-378
-209
31
213
275
251
220
272
418
577
685
723
657
476
217
-92
-376
-498
-456
-401
-442
-577
-727
-764
-623
-390
-155
104
366
556
648
632
542
478
500
527
470
320
86
-196
-434
-579
-654
-652
-578
-487
-420
-382
-361
-304
-140
105
333
476
530
526
505
465
374
233
91
-26
-119
-213
-325
-429
-482
-490
-478
-448
-395
-300
-161
-26
48
95
167
271
407
539
611
634
645
625
534
391
208
-24
-235
-355
-430
-509
-590
-693
-772
-725
-559
-364
-138
128
350
474
523
521
523
591
674
659
525
288
-11
-274
-426
-502
-538
-539
-559
-615
-669
-674
-581
-338
19
315
444
454
414
401
465
517
462
344
198
-7
-229
-391
-456
-417
-333
-316
-406
-490
-461
-312
-112
35
78
70
92
178
304
425
516
564
548
457
341
242
187
164
93
-80
-323
-572
-755
-774
-619
-447
-358
-305
-239
-139
18
205
374
569
777
838
701
474
273
164
156
137
-13
-273
-543
-757
-838
-751
-585
-415
-247
-134
-80
-6
133
323
532
659
598
402
214
103
66
55
-5
-127
-241
-300
-309
-274
-212
-170
-147
-125
-120
-125
-93
-34
29
95
144
178
227
304
375
423
445
419
379
353
282
125
-49
-184
-279
-327
-359
-423
-486
-479
-402
-280
-114
71
222
334
399
416
433
488
513
448
299
99
-106
-255
-349
-423
-476
-496
-470
-399
-302
-206
-105
6
114
206
280
319
306
258
184
93
27
13
24
23
-17
-78
-116
-104
-57
-12
1
-28
-87
-144
-167
-158
-126
-89
-66
-51
-4
75
172
264
330
360
358
342
310
252
167
60
-54
-163
-266
-343
-387
-399
-372
-319
-246
-148
-28
83
157
207
248
271
291
285
204
73
-43
-138
-212
-245
-249
-259
-260
-242
-235
-217
-140
-34
53
93
76
24
-11
-9
-1
-8
-16
-19
-25
-24
-10
11
39
71
88
85
68
44
15
-14
-49
-93
-125
-131
-107
-73
-43
-14
24
78
143
219
277
293
288
267
234
181
110
29
-57
-121
-161
-199
-218
-209
-188
-170
-146
-120
-86
-12
69
102
93
61
16
-14
-7
7
5
2
-14
-51
-79
-79
-53
-13
21
20
-5
-31
-50
-61
-52
-35
-32
-41
-53
-64
-56
-29
9
43
63
76
88
104
113
110
106
94
72
39
-6
-54
-90
-99
-90
-84
-77
-70
-49
-3
58
121
171
205
198
157
104
60
47
43
23
-42
-127
-189
-223
-205
-158
-115
-94
-97
-105
-114
-85
-25
29
67
59
36
11
-7
3
18
32
21
-8
-33
-58
-63
-62
-59
-46
-33
-23
-24
-30
-42
-51
-38
-18
-10
-9
-7
6
29
64
105
138
168
173
154
118
88
70
56
47
4
-55
-102
-124
-97
-45
8
41
58
82
109
155
197
221
229
195
146
85
42
14
-10
-16
-66
-113
-137
-146
-121
-102
-72
-47
-23
12
22
44
58
75
101
102
96
58
26
17
4
0
-13
-11
5
12
13
-11
-22
-13
8
23
5
-22
-46
-49
-27
-6
16
22
27
39
42
57
72
80
68
35
-7
-53
-71
-78
-85
-87
-96
-105
-101
-76
-37
-2
32
58
76
91
103
110
97
72
51
24
2
-25
-42
-54
-64
-62
-70
-71
-68
-64
-43
-35
-29
-26
-18
1
-2
-4
-21
-40
-42
-44
-40
-34
-23
-16
-22
-14
-20
-26
-27
-26
-20
-32
-39
-52
-49
-18
5
28
31
40
57
65
80
56
37
31
10
0
-36
-64
-74
-82
-70
-76
-70
-62
-47
-1
27
52
48
42
38
27
37
36
36
26
0
-14
-34
-35
-30
-29
-21
-17
-7
-3
11
22
22
36
33
39
32
22
22
5
4
0
0
18
20
31
26
18
28
13
11
-6
-30
-33
-44
-30
-27
-11
6
8
27
46
72
96
110
94
69
38
5
3
-10
-3
-13
-53
-44
-51
-28
7
12
41
14
14
39
29
51
40
23
0
-31
-41
-51
-49
-57
-68
-86
-79
-60
-32
-8
0
4
-1
11
24
25
51
18
15
-7
-34
-4
-31
-3
-5
-19
-8
-12
6
42
42
33
22
-6
21
26
34
53
31
38
55
53
106
87
94
97
63
83
39
44
38
12
40
-1
-2
7
-7
45
23
20
25
24
51
87
65
64
53
17
63
4
7
-8
-76
-34
-82
-92
-55
-92
-42
-39
-47
-16
-9
3
46
-5
0
-10
-45
0
-50
-22
-64
-59
-69
-66
-40
-60
-29
-27
-39
-7
-25
-33
3
-45
1
-3
-16
17
10
-4
46
8
34
59
3
48
18
-19
40
-42
-16
23
-64
38
-44
-11
12
-7
53
33
54
71
62
86
73
56
63
22
47
4
-15
-12
-72
-39
-53
-96
-23
-80
-9
7
-8
47
-4
15
23
-2
14
-8
-26
-2
-54
-5
-53
-32
-48
-55
-38
-58
-37
-43
-40
-42
-18
-61
-9
-37
-26
22
-22
27
34
-15
91
-21
53
32
-31
67
-38
0
-23
-73
-42
-39
-72
-7
-74
-28
-31
-49
-5
-2
-4
34
39
24
44
4
5
21
-14
8
-9
-66
-3
-87
-20
-44
-37
2
-21
29
-11
10
16
-9
38
-2
-3
35
-61
52
-44
-8
19
-61
18
-25
-37
30
-42
-24
-10
-87
-1
-38
-51
7
-52
-26
35
-78
82
-28
26
97
-47
113
-10
13
62
-78
36
-58
-55
13
-95
1
-86
-57
-40
-69
11
-54
14
-42
-33
-13
-68
3
-61
-42
-47
-99
-62
-90
-62
-56
-61
-54
-74
-24
-76
3
-62
-32
-11
-59
28
-38
7
-8
-25
2
-22
-1
8
15
26
9
31
13
38
47
-1
68
-36
57
0
22
57
13
47
56
10
93
40
78
94
26
72
37
36
65
46
-17
83
-96
89
-45
13
61
-56
97
-38
32
46
-6
100
6
48
44
-26
85
-62
70
-37
-8
17
-61
45
-37
21
15
-3
13
8
-23
30
-51
-2
-40
-33
-23
-13
-41
8
-42
-13
26
-75
88
-73
55
3
-58
61
-98
37
2
-72
96
-139
79
-62
-3
56
-50
57
-13
-26
44
-54
21
-7
-38
14
-42
-28
-17
-25
-46
32
-92
37
-28
-38
77
-72
44
4
-81
70
-95
9
-2
-102
61
-85
-11
10
-57
43
10
-22
50
-35
3
39
-75
66
-64
-12
24
-88
40
-56
-45
33
-90
72
-43
30
24
-26
41
-27
8
19
-35
55
-59
18
-29
-43
22
-37
24
22
-15
35
19
-17
104
-50
113
-8
56
43
33
11
67
-41
68
-23
6
44
-38
80
-33
53
-15
28
3
-5
27
-81
13
-66
-57
40
-136
60
-79
-75
73
-143
81
-28
-51
78
-64
19
49
-70
59
-16
-41
51
-50
-13
41
-70
20
-2
-79
64
-40
-23
61
-88
36
-6
-80
45
-83
-22
5
-97
8
-45
-46
45
-69
50
-41
32
-13
11
-9
-35
12
-61
-10
-9
-65
22
-40
-41
51
-88
91
-42
40
16
-13
25
28
-29
34
-56
25
-36
10
-12
-3
3
-13
52
-48
101
-7
81
54
-20
101
-39
59
78
-69
159
-96
92
11
-50
111
-40
50
51
-14
44
37
-19
87
-24
40
25
11
18
70
-29
78
2
8
43
-27
56
10
31
12
27
-10
40
-50
34
-70
57
-55
33
-29
-27
22
-54
45
-24
20
-20
30
-84
60
-99
49
-57
-15
-32
-41
-61
13
-77
33
-30
-46
45
-105
68
-50
10
14
-23
-21
13
-85
53
-62
-1
12
-63
23
-44
-57
56
-95
69
-34
-64
73
-106
81
5
-43
107
-110
77
-39
-49
87
-94
87
-10
-35
62
-79
55
-2
-30
85
-101
92
-64
10
35
-56
81
-44
11
31
-73
60
-53
10
26
-59
24
-53
-43
6
-86
36
-55
-8
25
-77
67
-77
14
-5
-72
36
-99
-2
-31
-60
45
-69
11
-16
-81
55
-112
30
-23
-83
60
-115
28
-6
-39
54
-10
6
44
-12
5
55
-27
62
25
-3
42
21
-29
79
-56
35
16
-30
43
-13
-7
35
-21
34
20
17
37
15
38
-18
41
-43
29
-30
5
-21
-19
11
-44
34
-30
17
18
-20
42
5
-7
29
-16
29
-9
47
-58
81
-56
18
40
-74
77
-36
-38
65
-108
59
-37
-35
30
-67
14
-24
-10
12
-21
4
-8
-9
13
-22
14
-10
13
-19
24
-72
25
-52
-43
32
-110
56
-66
-1
21
-44
18
0
6
33
2
28
-27
64
-48
56
-31
-16
25
-56
44
-37
32
-19
29
-15
20
-21
15
-29
27
-34
16
5
-42
56
-61
56
-13
26
48
3
56
33
26
79
-16
98
-18
81
9
52
46
20
55
-1
57
-6
54
-13
50
-25
56
-38
54
-13
17
14
-10
-9
22
-32
42
-11
5
40
-12
22
8
-27
23
-16
4
14
-15
28
-11
34
-17
37
-14
27
3
4
29
-10
27
-11
25
-2
11
20
-15
51
-46
67
-20
20
37
-39
66
-55
53
-5
-9
24
-53
6
-8
-24
49
-52
44
-34
31
10
20
37
31
23
34
5
24
25
22
22
31
-4
53
3
33
56
-18
55
22
-27
107
-93
88
-40
-25
56
-98
50
-39
-15
60
-66
70
-63
-11
2
-74
34
-56
-11
-46
6
-105
46
-108
-14
11
-125
79
-98
-18
64
-141
126
-117
18
-17
-58
0
-39
-17
-48
3
-44
-28
13
-68
54
-29
-48
93
-167
113
-92
-8
59
-130
105
-99
25
26
-75
56
-24
-45
88
-122
63
-7
-79
119
-101
41
49
-121
136
-93
38
79
-66
76
-1
-34
72
-38
25
27
-44
52
-35
-1
25
-20
29
-6
28
-25
31
0
15
33
9
12
39
-55
55
-46
-9
43
-79
57
-50
-28
11
-48
-23
36
-81
60
-24
-30
59
-62
28
32
-61
81
-45
-12
85
-109
118
-45
-15
101
-119
128
-51
-4
106
-125
165
-99
95
24
-9
117
-56
106
0
1
74
-47
62
21
-52
122
-96
106
-11
1
58
-30
17
20
-27
62
4
3
59
-31
54
-3
2
43
-39
45
-14
-49
96
-145
111
-106
24
7
-60
20
-25
-45
30
-65
-9
0
-45
27
-42
38
-78
81
-104
26
-12
-97
83
-109
2
50
-144
112
-92
-22
77
-121
90
-43
-45
92
-113
85
-28
-18
58
-46
38
12
-39
68
-51
45
10
-37
60
-57
40
11
-41
115
-104
101
-10
-44
133
-138
100
-31
-67
127
-138
70
30
-113
165
-135
85
3
-39
63
-21
1
63
-24
34
19
-24
36
-4
23
-7
71
-57
100
-56
32
13
-39
35
-6
-30
64
-52
50
-13
22
-12
29
-24
11
7
-36
51
-47
29
-21
-26
-9
-22
-44
12
-75
5
-57
-20
-43
-6
-48
10
-39
-21
-2
-59
28
-42
-17
1
-67
6
-31
-40
29
-64
7
-29
-45
-14
-33
-44
5
-40
-31
13
-75
1
2
-78
66
-85
13
-15
-54
-3
-7
-72
56
-78
30
-35
-27
11
-52
30
-43
21
-31
-5
-14
-6
-17
44
-55
83
-60
36
-22
-9
-3
17
-55
47
-75
19
-17
-30
23
-30
5
-21
-2
-45
40
-59
24
-12
-20
22
-19
19
-31
36
-59
35
-53
-4
17
-63
51
-32
-25
88
-117
108
-49
-40
134
-177
186
-116
36
86
-103
114
-18
-42
125
-107
83
12
-57
120
-64
49
50
-58
120
-61
67
27
-45
133
-119
143
-68
52
57
-37
92
-10
12
58
-17
15
56
-76
93
-69
53
-29
29
-16
30
24
-26
97
-61
65
42
-86
135
-103
33
65
-124
155
-114
65
17
-30
43
-6
-7
41
-1
13
37
7
10
69
-23
37
54
-56
109
-46
42
33
-27
38
21
-47
71
-47
6
50
-52
52
5
-16
59
-24
12
47
-43
60
-23
25
27
26
5
67
-29
60
-5
-12
67
-48
82
-37
35
3
18
11
43
-32
82
-40
61
5
-3
57
-37
39
-40
6
-34
19
-51
18
-33
-5
-20
3
-70
23
-65
-26
0
-89
18
-45
-49
19
-72
-46
27
-168
76
-151
-37
-6
-161
26
-100
-107
40
-189
6
-79
-177
64
-224
-6
-46
-190
79
-201
-28
-35
-195
63
-211
-19
-102
-126
-22
-129
-48
-44
-117
31
-117
6
-42
-70
24
-102
15
-61
-1
-34
-8
-15
-11
2
3
-28
31
-41
17
6
-35
52
-33
2
46
-47
56
4
-7
59
-31
51
-17
38
-7
87
-38
102
-25
69
31
45
52
47
62
36
97
-33
121
-24
76
66
-26
95
-10
36
65
-22
65
-7
34
-6
21
-18
34
10
15
28
1
31
13
20
14
-9
29
-28
-8
19
-72
66
-67
15
23
-67
32
-37
-39
32
-48
6
0
-44
16
-46
-6
-12
-23
11
-40
32
-48
17
-3
-36
38
-65
47
-41
26
-12
-4
16
0
18
3
11
9
15
5
12
16
2
5
12
-26
20
-17
0
2
21
-30
64
-35
12
50
-104
90
-68
-8
57
-91
83
-24
-11
73
-78
57
-28
-36
62
-94
86
-61
33
32
-25
72
-23
38
29
-28
64
-58
42
-16
-8
51
-31
57
26
-17
90
-37
38
59
-59
120
-57
48
31
-32
87
-33
82
7
40
56
9
91
22
64
89
-10
133
-31
100
17
44
56
36
57
43
23
73
-10
78
-3
45
37
-4
72
-35
65
-4
19
53
-35
49
-7
-10
59
-52
32
-5
-51
68
-96
57
-50
-11
34
-54
51
-21
-8
41
-83
70
-58
4
44
-76
68
-47
-21
38
-102
40
-66
-61
36
-151
72
-138
10
-48
-105
20
-137
-24
-76
-90
-60
-55
-113
-15
-121
-41
-73
-64
-72
-27
-92
-15
-80
-47
-51
-36
-76
-1
-106
6
-87
-13
-80
-49
-31
-84
10
-100
-5
-58
-47
-40
-56
-56
-23
-55
-34
-22
-39
-20
-7
-47
0
-31
-27
6
-44
18
-16
-24
18
-50
28
-26
-19
18
-54
16
-29
-39
10
-48
6
-27
-12
-9
-20
13
-46
44
-46
19
28
-43
49
-13
-49
71
-118
60
-55
-17
39
-45
36
-29
2
-6
2
7
5
13
27
0
35
23
5
77
-8
58
27
9
59
0
58
32
34
52
8
61
6
46
40
-6
83
-27
76
9
31
58
16
53
21
23
20
18
20
19
20
10
35
9
24
27
-16
64
-30
33
25
-56
64
-43
-16
69
-103
82
-67
-19
37
-97
46
-64
-18
-13
-38
-19
9
-53
35
-29
-11
41
-60
58
-26
8
30
-27
14
7
-12
5
12
-34
23
-14
-14
31
-29
38
23
5
58
13
47
32
35
44
35
48
44
52
42
67
41
60
74
18
119
13
69
94
-14
144
16
73
119
17
115
86
17
140
31
72
105
22
90
55
46
76
57
44
60
64
37
82
39
36
87
-3
93
0
64
38
62
33
54
44
2
81
-28
45
27
-44
82
-84
60
-10
-37
75
-88
80
-61
20
-8
-18
8
-21
-7
-22
-9
-14
-17
-28
-15
-31
-21
-9
-42
9
-38
-31
23
-88
48
-39
-47
60
-112
38
-22
-92
71
-106
-2
8
-129
87
-109
33
-22
-39
7
-22
-16
0
-13
-25
21
-44
14
-16
-16
13
-21
9
6
-23
34
-30
10
6
-17
6
-2
-20
11
-5
-27
26
-38
6
12
-47
54
-35
19
19
-6
20
26
5
13
41
-4
50
55
-2
112
-7
45
81
-37
119
9
16
137
-53
140
24
22
135
-28
118
22
36
69
11
56
28
58
27
70
23
53
51
23
60
41
21
63
-5
16
32
-16
42
36
-30
97
-44
36
67
-80
132
-62
43
59
-63
104
-38
23
59
-39
80
-2
30
35
16
20
36
1
19
22
-4
14
11
-45
52
-57
17
7
-66
61
-71
10
16
-77
90
-100
54
-40
-22
48
-67
55
-31
-17
53
-84
61
-56
4
18
-34
15
-1
-20
33
-28
19
-7
-2
-8
-10
-20
-7
-17
-3
-22
-4
-7
-3
10
-16
20
-8
22
-3
9
4
14
-1
28
-15
34
4
4
24
0
7
29
-35
55
-39
34
20
-6
65
-10
55
18
26
55
-13
80
-17
65
14
33
35
18
44
19
38
31
30
36
43
28
44
30
27
44
11
38
14
3
42
-20
39
-1
8
33
-10
46
-18
28
-4
-2
11
0
-11
34
-44
27
-21
-37
43
-78
38
-26
-30
32
-64
4
-16
-51
29
-80
22
-50
-38
10
-110
27
-97
-31
-29
-100
0
-91
-28
-40
-61
-38
-33
-77
-16
-83
-40
-69
-55
-71
-56
-66
-73
-47
-99
-36
-109
-29
-83
-43
-50
-69
-26
-60
-50
-55
-65
-49
-64
-46
-71
-38
-70
-43
-47
-68
-17
-75
-25
-44
-48
-38
-40
-42
-36
-7
-64
16
-49
-32
26
-119
67
-77
-26
61
-133
101
-80
-16
56
-107
70
-56
-21
30
-61
14
13
-50
73
-49
28
7
-25
37
-17
14
18
-10
36
-6
-1
32
-20
30
27
-36
78
-49
52
11
-4
55
-1
36
44
-11
80
-18
67
8
39
36
8
53
-13
48
21
13
74
-13
61
20
17
42
26
9
66
-11
49
23
8
32
25
-5
50
-13
30
16
-10
50
-2
37
36
3
67
10
43
69
-32
109
-45
64
21
-8
74
-41
54
-21
-1
29
-54
50
-40
9
31
-32
60
3
-17
74
-66
80
3
-21
95
-82
75
-3
-35
76
-64
51
-9
-18
49
-50
87
-38
69
34
-26
129
-76
110
3
-10
117
-52
92
34
-5
110
-20
79
39
19
74
24
36
57
9
34
32
22
5
67
-43
78
-35
15
16
-7
19
24
9
14
19
21
-21
80
-46
59
15
-20
96
-47
81
19
-1
106
-57
103
-20
21
67
-56
90
-45
21
19
-45
36
-46
0
10
-68
53
-95
29
-23
-57
39
-46
-16
31
-53
22
8
-35
47
-34
-2
-2
-64
17
-57
-14
12
-71
44
-51
-25
26
-70
23
-25
-56
30
-71
8
-37
-21
-6
-33
0
-22
-29
10
-53
-9
-28
-52
1
-62
-9
-59
-7
-47
-12
-17
-52
7
-44
-40
1
-71
5
-37
-40
-10
-39
-21
-9
-50
18
-53
0
-14
-54
25
-46
-3
12
-43
29
-20
23
-5
23
1
12
31
-9
27
8
14
0
25
-25
47
-23
25
15
-20
58
-37
51
-2
-14
54
-54
32
7
-39
88
-54
66
18
-4
80
-28
52
27
-2
79
-1
49
54
-10
91
-13
39
64
-46
119
-75
68
-29
-25
37
-60
31
-5
-34
38
-43
-34
27
-105
71
-75
0
10
-63
38
-50
11
-21
-3
-11
-10
-7
-38
17
-66
31
-65
-27
3
-79
47
-41
-22
49
-100
79
-88
0
-5
-55
18
-48
-22
-29
-52
8
-73
15
-44
-26
-3
-75
4
-66
-41
1
-105
48
-100
14
-9
-62
42
-55
-6
11
-48
37
-31
29
-10
27
-9
41
-9
27
25
6
52
13
20
22
3
5
16
-27
24
-9
-22
64
-84
97
-45
18
51
-43
53
27
-21
83
-19
29
59
-30
71
-6
20
46
8
57
24
37
46
29
55
32
27
49
5
43
13
18
4
17
-17
23
-12
22
-10
32
-5
13
49
-59
81
-56
12
25
-64
52
-58
22
-34
-2
-14
-35
10
-63
-11
-16
-72
39
-86
-9
-31
-57
-15
-23
-59
6
-41
-61
10
-118
8
-86
-46
-41
-71
-24
-71
-40
-68
-36
-86
-12
-111
-39
-60
-124
7
-137
-14
-57
-81
-16
-82
-48
-39
-84
-15
-85
-21
-79
-56
-58
-60
-72
-18
-82
-43
-24
-87
-9
-56
-63
-16
-75
-22
-55
-12
-72
20
-67
-2
-19
-38
3
-39
16
-46
-3
-12
-35
15
-45
15
-33
32
-49
41
-45
-15
23
-76
37
-40
-12
0
-3
-24
39
-18
-4
67
-64
84
2
-2
87
-22
55
47
-24
89
-43
85
-16
57
17
6
64
-17
54
13
42
3
78
4
29
77
-33
74
13
14
15
91
-67
111
10
-38
160
-83
106
48
-1
100
7
72
14
71
26
25
90
-23
79
34
27
50
42
16
30
54
-39
81
0
0
81
-20
40
76
-47
105
-12
16
53
-47
36
-10
-23
43
-42
26
17
-28
44
-28
10
7
-24
27
-46
39
-29
14
20
-26
42
-10
1
22
-28
0
3
-44
24
-52
24
-27
-16
30
-70
52
-33
-14
55
-72
77
-43
12
17
-34
13
4
-32
58
-5
-6
81
-72
97
-6
20
62
-15
77
-28
74
-27
43
32
-13
72
11
46
30
50
2
71
43
-4
90
13
13
111
-44
89
35
17
83
1
77
10
74
26
26
62
33
18
93
-30
69
38
-30
66
-18
1
53
-14
31
26
10
19
8
31
-27
52
18
-25
129
-77
101
18
-21
98
-35
40
45
-40
72
-34
-1
48
-76
71
-53
-9
3
-46
4
-43
-3
-52
-1
-48
-57
-5
-69
-21
-1
-63
-12
6
-72
20
-19
-79
60
-98
2
-9
-83
32
-76
4
-47
-25
-2
-52
23
-49
17
-37
9
-29
-18
11
-60
31
-52
-13
-8
-37
4
-43
2
-46
-9
-12
-45
14
-37
-16
-2
-40
-11
-11
-17
-22
1
-33
-10
-3
-25
-1
-18
4
-34
26
-51
26
10
-43
88
-83
72
-20
-16
51
-44
37
-12
-10
2
-2
-6
5
21
-16
38
-8
12
-10
41
-59
78
-29
-15
80
-74
51
18
-42
56
6
-25
67
-16
-2
65
-68
62
-23
5
19
-26
54
-58
86
-51
29
33
-54
68
-59
13
-6
-30
14
-44
11
-45
1
-26
-37
3
-38
-25
2
-68
15
-44
-23
-12
-49
-19
-26
-30
-14
-35
-3
-57
23
-71
15
-28
-31
13
-55
25
-48
22
-45
23
-47
19
-31
-16
4
-52
22
-48
-3
0
-32
29
-44
32
-33
19
2
-1
34
8
18
47
-18
64
8
14
75
-31
71
-10
40
26
27
52
5
72
-7
47
32
13
63
16
44
21
56
-12
76
6
60
36
33
20
32
13
11
21
-16
11
6
-50
52
-53
17
4
-32
-2
-4
-46
-12
14
-102
101
-116
44
5
-58
68
-55
37
-19
11
-24
-22
21
-67
58
-29
3
42
-21
16
14
-13
-13
37
-72
46
-41
-4
-1
-33
10
-24
10
-13
-28
15
-78
3
-47
-53
5
-71
-4
-46
-14
-34
3
-36
-4
-33
-9
-33
-13
-21
-9
-7
8
-13
10
5
-15
18
-31
4
-9
1
-7
-12
18
-48
38
-58
0
-10
-26
6
-28
16
-64
63
-98
31
-2
-57
62
-48
3
30
-37
25
-5
21
-12
43
-11
-6
43
-35
17
26
-30
8
14
-51
45
-27
-1
17
-36
6
-26
18
-11
-5
36
-48
50
-9
0
36
3
8
12
27
-16
51
15
14
43
59
-54
119
-37
4
110
-82
91
12
2
31
57
-22
43
61
-56
69
12
-54
96
-39
2
49
-28
20
37
-16
28
13
10
-38
51
-48
17
18
-46
44
-51
35
-42
8
21
-62
64
-58
-14
31
-92
36
-58
-27
-5
-60
17
-75
10
-19
-82
73
-121
37
-2
-63
54
-64
18
-27
16
1
-22
55
-51
35
50
-66
113
-33
19
71
-21
41
66
-11
60
23
16
44
46
18
37
54
-24
75
-11
24
52
3
39
40
-10
50
9
17
30
50
-6
112
-18
78
64
-22
101
-24
28
44
-17
37
17
25
-1
45
-24
18
31
-29
33
16
-23
79
-44
49
16
-7
56
-37
34
-24
25
-22
0
-5
-39
34
-42
27
12
-20
73
-43
50
8
4
36
6
20
10
48
-6
56
29
13
58
31
-9
80
-48
58
-7
7
7
-14
8
-27
12
-29
-21
18
-79
43
-76
2
-12
-63
8
-59
-18
-42
-40
-61
-16
-54
-36
-5
-64
-16
-21
-71
-1
-35
-52
8
-50
-45
9
-73
-9
-40
-15
-53
-1
-44
-57
25
-78
12
-17
-48
23
-17
-29
6
-15
-33
18
-49
-6
-10
-24
-4
-28
3
-46
33
-45
-15
29
-95
67
-81
17
-13
-25
9
8
-10
38
-5
18
-14
28
-42
16
9
-58
93
-105
54
-32
-40
40
-69
20
-48
0
-45
-21
-14
-53
7
-55
-35
-40
-42
-56
1
-93
12
-90
-26
-36
-56
10
-67
28
-75
12
-52
-41
4
-89
26
-92
-2
-35
-58
34
-81
53
-60
18
-18
-24
3
-42
-5
-40
2
-32
7
-32
10
-34
6
-20
-47
26
-86
14
-53
-53
-21
-34
-39
-2
-23
-47
24
-66
-2
-19
-27
-10
-3
-18
-16
17
-39
-1
-5
-49
26
-22
-17
23
-30
-5
-2
-18
-26
30
-55
29
-31
-7
7
-32
27
-41
20
-19
5
-20
28
-40
34
-40
-8
-18
-37
-11
-33
-4
-39
18
-46
2
-5
-57
34
-80
29
-60
20
-25
16
7
-10
32
-21
49
-6
23
36
-4
60
11
25
54
-7
44
18
0
54
-8
39
28
4
61
-11
48
31
15
56
25
38
53
45
30
73
23
47
51
14
26
77
-48
110
-26
47
50
2
48
25
18
16
31
-12
22
1
-29
38
-54
30
-19
-3
11
-35
7
-46
18
-65
47
-86
37
-50
-26
-2
-62
-10
-47
-40
-36
-50
-39
-43
-40
-48
-38
-42
-36
-30
-49
-13
-76
-3
-67
-9
-31
-37
-14
-29
-22
-17
7
-32
38
-31
16
10
-16
41
-16
42
-17
47
-15
41
10
15
27
-4
27
-9
31
-3
19
0
5
7
11
-10
17
-8
10
-2
18
-13
17
3
-15
23
-28
12
8
-9
25
-28
27
-24
27
16
-5
58
-19
52
7
22
32
8
55
-15
65
-31
36
10
1
21
-7
-5
2
-11
-24
15
-37
6
-16
-27
26
-35
23
-21
6
-7
4
-11
12
-1
-13
18
-43
23
-28
5
5
-16
14
-10
-21
17
-61
32
-49
0
-6
-34
13
-33
-12
1
-30
22
-20
-3
10
-57
24
-70
10
-33
-11
-4
-20
-8
-16
-7
-34
8
-61
44
-77
48
-42
-33
54
-104
83
-61
1
19
-49
29
-25
14
-8
16
2
-14
23
-43
35
-44
26
-43
0
-19
-55
38
-103
69
-107
39
-56
-27
13
-80
45
-66
-8
0
-63
34
-48
11
16
-40
69
-55
52
-12
6
16
3
19
16
37
0
43
22
24
42
36
6
68
1
4
56
-49
57
-10
14
4
12
-2
-25
65
-79
83
-8
-29
99
-95
95
-36
20
38
-45
105
-82
113
-21
22
80
-33
80
20
14
44
3
16
35
-26
75
-39
71
-6
8
59
-29
60
-3
34
1
30
-12
31
23
9
25
3
24
-20
53
-30
38
44
-39
94
-54
52
-9
-9
25
-48
51
-69
38
-31
-23
16
-47
10
-32
5
-46
-1
-33
-28
-25
-6
-62
12
-47
-54
37
-119
39
-86
-34
-29
-66
-28
-49
-21
-47
-11
-44
-17
3
-41
21
-52
-28
-15
-74
-14
-41
-58
-5
-35
-46
18
-59
3
1
-29
-5
12
-52
9
-5
-56
45
-37
-12
21
-45
13
-3
-19
9
-14
-10
-18
-29
-26
-29
-20
-15
-27
-6
-36
-18
-32
-38
-18
-35
-8
-42
-3
-37
-11
-2
-48
20
-63
6
-53
-17
0
-49
36
-39
-7
27
-60
24
-31
-33
5
-35
-10
-8
8
-29
34
-20
-38
27
-74
-4
-6
-42
8
8
-33
20
-5
-22
37
-13
10
24
0
11
-1
15
-20
30
-6
13
35
-4
19
25
-14
16
4
-11
28
-13
26
8
14
6
18
-7
17
10
-21
61
-50
56
1
-26
80
-49
56
9
8
22
22
4
10
47
-12
55
38
-16
69
-10
6
69
-40
93
13
33
54
-3
44
22
19
41
17
36
29
11
44
14
65
11
68
28
37
56
6
43
39
10
34
24
5
52
6
34
14
46
-11
47
20
-17
89
-31
57
17
8
26
26
10
20
46
-24
70
-15
43
3
12
6
-16
31
-41
34
-20
27
-1
17
-9
-4
21
-45
50
-44
21
11
-32
37
-34
8
-4
-18
7
-5
7
-10
20
-31
13
-11
-13
35
-19
22
18
5
16
39
-24
63
-5
13
42
-24
56
-5
35
24
6
47
7
28
40
-16
45
-5
7
32
-10
8
8
-3
-1
17
6
5
57
-6
33
59
-26
74
-1
-2
69
-28
68
7
59
23
54
52
10
99
-17
59
31
-16
66
-17
43
14
28
16
24
30
-9
58
-25
26
-2
-22
10
-30
-4
-24
-13
-18
-10
-21
-34
-16
-59
-5
-42
-25
-9
-49
-1
-46
-28
-30
-35
-22
-46
-11
-73
-8
-67
-18
-19
-19
-1
-20
-18
-23
-26
-22
-31
-25
-29
-50
-6
-72
-5
-43
-33
3
-37
7
-28
-8
-32
-2
-18
-10
4
-15
-6
17
-20
15
19
-19
35
-21
-4
16
-18
14
16
-13
27
-26
-1
-10
-20
-6
-11
-20
3
-18
-7
21
-18
27
-10
-12
0
2
-15
22
14
5
51
-14
32
24
5
44
-1
24
3
10
17
-1
28
13
8
25
15
-2
43
-5
25
51
-13
53
33
-18
69
-23
22
36
-11
41
14
12
28
16
-4
41
-14
32
11
4
22
-9
12
-4
9
-16
28
-25
24
12
-33
52
-45
10
15
-52
42
-27
-9
32
-34
37
2
5
26
12
2
27
-1
12
33
-12
37
-9
12
3
10
2
20
7
-1
24
-19
7
-6
-22
-4
-9
-39
23
-54
11
-19
-18
6
-26
17
-30
27
-39
9
-11
-22
3
-16
-15
1
-10
-21
8
-13
-19
13
-36
-11
-9
-43
12
-28
-13
-12
-37
-31
-29
-32
-27
-20
-26
-23
-25
-25
-22
-28
-24
-30
-25
-23
-24
-18
-3
-23
10
-8
-5
22
-9
20
10
3
16
7
2
26
9
29
17
20
25
25
15
11
4
-7
17
-18
18
-11
5
13
3
17
12
23
-3
28
-17
19
11
6
27
0
29
8
23
12
12
18
2
0
-9
-15
-4
-5
-4
-5
1
-8
5
-7
-21
-11
-33
-32
-19
-42
-33
-22
-53
-20
-50
-39
-43
-54
-39
-55
-41
-58
-35
-71
-25
-79
-36
-45
-59
-3
-47
-11
-25
-31
-37
-23
-55
-21
-22
-52
7
-64
-29
-21
-62
-2
-57
-20
-32
-39
-16
-38
3
-24
15
-20
-6
-16
-22
0
-22
22
-19
26
2
3
19
4
15
32
10
19
32
-8
43
22
16
57
8
38
41
1
52
13
34
21
21
24
8
35
-5
35
-4
26
20
18
36
12
46
8
44
25
29
49
30
48
44
38
47
28
33
17
37
17
32
43
14
62
3
36
22
9
40
13
17
26
13
5
39
1
36
37
5
51
20
6
45
-3
18
21
-7
16
21
-13
29
21
-1
69
8
63
40
30
39
9
22
9
17
14
16
5
12
-5
8
4
-11
15
-17
-6
9
-32
26
-13
2
26
-21
24
-6
13
16
14
1
19
-10
-1
20
-24
18
-5
-19
13
-15
7
18
0
13
2
-7
-7
5
-19
13
-7
-11
5
-21
-7
-5
-16
-9
-9
-26
-5
-21
-15
-16
-22
-18
-21
-28
-25
-32
-37
-12
-33
-6
-12
-12
2
-8
-12
9
-16
8
4
-14
21
-7
3
24
-2
22
23
-5
34
-14
13
18
-6
27
8
2
21
-4
-6
23
-24
10
1
-22
13
-11
-20
22
-27
10
-2
-31
2
-23
-12
-11
-7
-26
6
-24
-13
11
-31
9
-20
-20
-5
-38
-22
-29
-32
-26
-24
-36
-23
-28
-39
-20
-42
-34
-26
-39
-21
-21
-33
-12
-22
-9
12
-9
12
2
-10
3
-23
-10
-5
-30
2
-22
-14
-2
-26
-5
-20
-27
-4
-17
-16
3
-20
2
5
-1
12
22
-2
31
0
-2
19
-29
13
-13
-17
-3
-27
-23
-6
-29
-6
0
-21
9
-12
-16
6
-29
-10
2
-17
25
3
11
14
18
6
27
14
11
39
-4
33
5
3
27
17
25
42
23
37
45
26
44
27
20
31
17
27
26
21
37
17
35
10
18
10
6
3
-1
-8
-7
3
-24
12
-23
-10
-9
-30
-16
-24
-29
-18
-11
-31
10
-17
-13
17
-32
18
-5
-19
24
-18
6
9
-5
12
20
0
18
14
-2
29
10
19
30
10
17
18
0
21
19
10
36
13
21
36
19
44
32
39
40
28
33
18
27
22
32
26
27
24
20
14
16
9
11
4
-1
2
-10
-1
-9
-4
-3
-6
3
8
9
8
10
-1
7
-1
3
7
-2
11
1
3
1
0
-12
-8
-15
-10
-1
-16
-5
-13
-21
-10
-20
-29
-20
-39
-34
-31
-45
-20
-22
-20
1
-5
-4
4
-11
5
-2
0
10
10
10
3
3
-13
3
-7
4
3
-6
2
-5
0
6
4
11
7
-2
5
-7
-2
-3
-6
-1
-6
-8
-4
-17
-17
-20
-30
-20
-33
-28
-29
-30
-20
-16
-13
-11
1
-10
-2
0
-9
18
-1
15
24
11
40
17
26
18
5
0
-6
-11
-10
-3
-17
-1
-13
-5
-5
-8
-1
-6
-4
-1
-2
-1
0
5
13
24
21
28
25
19
25
9
17
12
8
18
8
10
14
11
18
22
15
25
17
17
23
9
18
18
11
23
20
27
33
29
26
30
21
20
27
10
23
14
17
20
14
15
14
11
10
15
10
20
19
21
22
16
18
15
15
19
18
13
11
4
7
1
0
7
1
11
10
9
16
10
8
5
1
-3
-1
-15
-15
-16
-23
-12
-19
-11
-7
-7
-1
-4
-4
-6
0
-3
10
7
10
16
3
16
13
14
26
18
24
21
22
28
23
22
21
21
23
31
34
44
45
48
53
45
50
50
51
52
41
37
31
28
30
31
30
29
27
24
26
19
17
14
7
5
2
-4
0
0
0
1
-7
-1
-9
-8
-7
-11
1
-4
4
5
1
1
1
-3
2
3
-3
4
-5
-3
4
-1
5
-2
-8
-5
-5
-8
-4
-4
-5
7
-2
3
2
1
7
3
-1
-6
-11
-16
-14
-15
-14
-8
-7
-3
3
4
5
8
5
7
8
0
5
-2
-4
-2
-6
1
3
1
3
0
-7
-10
-15
-21
-24
-30
-35
-32
-35
-29
-26
-27
-20
-21
-21
-21
-26
-24
-26
-24
-25
-22
-22
-19
-14
-16
-11
-13
-12
-12
-13
-14
-9
-7
-9
-3
-11
-11
-15
-20
-17
-16
-10
-3
-6
-5
-4
-11
-10
-9
-12
-6
-4
-5
4
-4
0
3
-4
3
1
-2
3
2
0
1
-7
-5
-6
-9
-2
-4
-3
-1
-6
-5
-6
-10
-7
-7
-11
-13
-13
-19
-14
-14
-13
-11
-17
-14
-14
-14
-9
-6
-3
2
-1
-2
-4
-5
-7
-7
-5
-9
-6
-7
-3
4
4
11
10
8
11
9
6
5
-2
-4
-3
0
1
6
6
8
14
10
13
7
2
4
0
0
4
3
5
12
8
13
13
9
14
9
10
13
12
14
15
11
11
13
7
9
7
0
6
1
3
5
2
0
0
-1
0
-2
-7
-4
-8
-7
0
-3
2
6
6
12
11
11
12
5
5
8
8
12
19
21
25
28
24
25
12
7
1
-9
-11
-16
-20
-19
-18
-14
-8
-9
-10
-11
-15
-13
-14
-14
-12
-14
-10
-7
-2
5
12
17
20
21
18
18
14
11
7
3
5
5
5
3
5
4
1
-6
-18
-24
-30
-32
-32
-31
-33
-33
-32
-32
-27
-26
-23
-22
-25
-29
-27
-29
-25
-21
-19
-11
-9
-4
-1
-2
-4
-2
-2
3
6
2
3
-3
-7
-4
-6
-7
-4
-8
-9
-11
-17
-15
-16
-17
-14
-15
-10
-6
-5
-1
2
7
12
11
7
4
-3
-3
-2
-3
6
11
20
24
25
24
24
22
21
22
20
20
18
22
24
20
24
21
20
13
9
9
7
8
5
3
-2
-4
-7
-6
-4
-6
0
0
3
3
3
4
0
-1
-4
-7
-7
-4
-3
2
1
-2
-3
-10
-12
-16
-21
-25
-25
-23
-13
-9
-8
-8
-8
-4
-2
-1
-1
-4
-5
-8
-11
-10
-12
-9
-10
-12
-14
-15
-15
-12
-10
-10
-7
-7
-5
-2
-2
0
-1
-2
-1
1
0
3
1
1
1
0
1
2
0
4
7
6
7
6
2
1
-4
-3
1
0
3
3
5
9
12
14
17
18
17
20
22
24
23
20
17
12
10
11
11
13
11
10
11
15
20
25
30
32
32
29
26
24
27
29
34
38
39
39
38
37
35
33
36
37
38
42
41
40
37
32
30
30
29
29
27
25
23
17
14
6
3
-2
2
5
10
16
18
17
16
13
11
10
12
13
13
12
10
8
6
4
1
-3
-7
-9
-13
-17
-16
-13
-12
-9
-6
-7
-7
-13
-17
-24
-29
-29
-34
-37
-44
-49
-53
-57
-59
-58
-54
-54
-53
-56
-56
-58
-57
-52
-50
-45
-46
-44
-44
-45
-41
-38
-31
-29
-31
-30
-29
-24
-17
-10
-5
-2
-2
-2
2
6
7
4
0
-3
-7
-12
-15
-20
-23
-23
-22
-17
-8
-2
2
5
3
2
0
-1
0
1
1
3
6
8
12
13
12
13
15
16
16
11
6
2
-2
-3
-3
-4
-1
0
2
-1
-8
-13
-19
-23
-23
-22
-17
-10
-4
-1
2
2
4
4
0
-3
-8
-11
-12
-12
-12
-12
-12
-9
-7
-6
-7
-6
-7
-7
-7
-5
-4
-5
-1
0
3
5
8
10
10
14
12
10
5
-3
-9
-12
-13
-10
-6
-4
-2
-4
-8
-13
-20
-21
-24
-24
-26
-28
-32
-31
-27
-22
-18
-21
-21
-25
-26
-21
-19
-15
-13
-10
-8
-6
-5
-5
-4
-9
-9
-8
-4
8
20
29
33
36
35
33
32
29
29
31
31
30
26
23
21
21
22
19
17
12
7
3
2
5
4
2
-2
-2
3
8
18
27
33
38
39
36
38
36
36
36
33
31
29
32
35
36
34
28
25
21
21
19
17
13
9
12
13
15
18
18
18
14
8
1
1
2
5
8
10
13
16
21
23
24
23
19
17
16
19
20
22
23
24
25
23
21
17
12
8
3
3
1
4
6
9
14
13
13
9
7
2
0
-4
-10
-14
-17
-20
-25
-28
-27
-27
-25
-28
-31
-34
-32
-28
-26
-22
-21
-22
-19
-18
-16
-16
-15
-13
-13
-10
-8
-9
-9
-10
-10
-14
-18
-18
-16
-12
-9
-12
-15
-22
-28
-31
-32
-30
-26
-20
-15
-11
-10
-10
-8
-7
-3
-4
-1
4
9
13
14
13
14
17
20
24
25
24
19
19
19
20
22
20
19
16
13
11
10
9
8
5
2
0
-1
0
1
-1
-2
-3
-5
-4
-3
-2
-2
-6
-6
-8
-9
-4
-3
2
4
4
7
4
3
1
-3
-9
-15
-21
-26
-31
-35
-34
-34
-33
-32
-32
-32
-34
-35
-34
-34
-35
-34
-34
-33
-29
-25
-21
-18
-17
-19
-18
-18
-19
-21
-23
-25
-28
-29
-32
-32
-30
-28
-27
-25
-22
-19
-16
-14
-13
-11
-10
-10
-12
-11
-11
-9
-6
-2
-1
0
0
3
5
8
14
16
14
12
9
7
6
6
5
5
2
3
0
-4
-3
-5
-7
-9
-9
-9
-8
-6
-4
0
1
0
-1
-3
-2
0
3
4
9
12
14
17
15
18
21
24
27
29
32
32
34
36
39
41
43
44
44
43
38
33
32
29
29
27
26
24
25
23
22
23
23
24
22
22
21
19
17
16
12
11
10
10
13
13
11
11
6
5
2
-1
-2
-1
0
1
1
1
0
-4
-9
-11
-14
-16
-17
-18
-17
-16
-14
-15
-16
-19
-22
-23
-24
-21
-20
-20
-21
-21
-20
-22
-21
-19
-18
-18
-18
-20
-20
-19
-19
-18
-17
-16
-18
-23
-26
-27
-23
-18
-12
-10
-11
-14
-17
-18
-18
-16
-13
-11
-9
-8
-7
-8
-7
-11
-16
-17
-18
-17
-15
-12
-10
-10
-15
-16
-17
-16
-11
-7
-3
-2
-5
-7
-6
-4
-1
-1
1
3
4
5
7
5
3
1
0
0
-1
-2
-3
-3
-5
-5
-4
-6
-8
-13
-17
-19
-20
-21
-20
-22
-24
-25
-25
-23
-21
-21
-22
-24
-26
-27
-30
-29
-29
-29
-31
-35
-36
-34
-32
-33
-31
-31
-25
-16
-12
-11
-9
-11
-10
-9
-9
-9
-9
-7
-5
-1
1
5
9
11
10
7
4
3
5
9
10
11
12
12
12
12
13
15
19
21
21
19
17
11
6
1
-3
-7
-5
-1
5
11
13
16
18
20
20
18
18
17
18
19
23
25
23
19
15
13
13
13
12
12
12
10
6
3
0
0
2
4
6
6
8
10
10
10
9
8
6
4
6
8
13
20
25
25
24
22
22
20
19
17
18
22
26
29
31
34
34
37
39
37
37
35
35
34
30
28
26
26
26
25
24
24
22
22
23
21
20
21
23
29
33
32
30
26
20
18
15
17
17
17
18
20
20
20
18
15
12
7
3
-1
-5
-8
-8
-8
-9
-10
-13
-13
-13
-13
-11
-11
-9
-10
-11
-13
-13
-12
-13
-12
-14
-14
-15
-15
-17
-20
-23
-27
-30
-29
-25
-21
-18
-18
-20
-17
-13
-11
-10
-10
-9
-10
-11
-14
-16
-17
-18
-18
-19
-19
-16
-11
-5
2
5
6
7
5
8
8
10
10
8
5
1
-1
0
1
5
9
8
7
5
2
3
6
9
10
13
16
18
18
18
19
19
18
19
22
23
25
25
26
26
25
26
24
20
15
7
2
0
-2
-2
0
0
1
-1
-3
-5
-8
-10
-12
-12
-13
-17
-17
-18
-17
-14
-11
-8
-8
-8
-8
-10
-13
-16
-19
-18
-18
-18
-16
-15
-11
-8
-7
-6
-4
-2
0
-1
1
1
1
1
1
0
1
2
3
1
-2
-6
-11
-13
-12
-11
-13
-14
-15
-15
-13
-10
-9
-10
-10
-9
-10
-8
-1
5
13
17
22
24
25
26
27
27
27
26
24
24
23
22
21
18
14
9
8
6
6
4
2
-2
-5
-6
-9
-9
-6
-4
0
0
-1
-2
-2
-3
-6
-11
-14
-15
-14
-11
-5
2
9
11
10
8
6
5
5
2
-2
-2
0
1
2
4
3
-2
-5
-10
-13
-16
-18
-20
-21
-22
-20
-15
-10
-4
0
4
4
4
2
-2
-7
-11
-13
-12
-12
-9
-5
-5
-4
-6
-8
-10
-11
-10
-13
-16
-20
-23
-24
-18
-10
-6
-1
1
1
0
-5
-7
-5
-5
-6
-5
-4
-1
3
5
7
6
8
9
8
9
13
16
19
19
15
11
10
10
11
7
4
3
5
10
12
14
15
15
15
16
13
12
11
13
14
9
4
-1
-2
-1
2
6
10
14
18
21
22
19
13
6
2
-3
-7
-9
-12
-17
-22
-27
-29
-31
-32
-33
-33
-32
-32
-34
-35
-39
-41
-45
-47
-48
-45
-40
-35
-35
-36
-34
-32
-25
-19
-15
-14
-12
-9
-4
-1
-1
-2
-5
-6
-6
-8
-9
-9
-7
-4
-3
-5
-9
-13
-14
-14
-12
-13
-12
-11
-10
-10
-13
-13
-13
-12
-11
-8
-4
1
5
9
13
14
13
14
15
17
20
19
18
18
17
19
22
25
25
27
27
26
24
19
17
17
16
15
16
15
16
14
12
10
8
6
1
-2
-6
-9
-11
-12
-17
-23
-26
-25
-22
-20
-17
-17
-16
-16
-18
-19
-20
-20
-18
-17
-14
-14
-12
-8
-6
-5
-5
-7
-8
-9
-9
-8
-8
-6
-2
3
7
11
13
15
15
16
14
14
17
23
27
30
31
30
31
28
25
22
22
20
19
18
18
19
18
15
12
8
7
5
5
5
6
6
7
8
9
11
14
20
22
20
16
9
5
3
4
1
-1
-2
-1
2
7
13
13
11
8
1
-6
-12
-15
-15
-15
-13
-15
-14
-14
-12
-10
-13
-17
-21
-24
-26
-28
-26
-25
-23
-22
-19
-16
-14
-9
-6
-2
0
1
2
1
3
1
0
1
1
2
2
0
-3
-6
-10
-10
-9
-11
-12
-13
-15
-14
-15
-14
-15
-18
-17
-13
-10
-8
-7
-5
-5
-3
-1
1
3
5
7
10
10
11
11
7
5
3
2
1
2
4
4
5
4
2
-1
-2
-6
-9
-14
-16
-13
-9
-5
-2
0
-1
-3
-5
-8
-8
-8
-8
-5
-3
-2
-2
-2
-1
-2
-2
-2
-4
-5
-9
-12
-16
-21
-26
-26
-26
-25
-26
-27
-30
-33
-34
-32
-30
-26
-23
-21
-23
-26
-27
-27
-20
-14
-9
-5
-5
-7
-9
-11
-12
-11
-9
-6
-3
-2
-2
-3
-4
-2
0
2
4
6
9
9
12
16
18
20
19
16
15
10
4
-2
-7
-9
-11
-9
-5
0
4
6
7
4
2
-2
-5
-4
-5
-5
-6
-8
-10
-11
-9
-5
-2
-1
-1
-4
-6
-8
-8
-10
-12
-13
-12
-13
-13
-15
-15
-13
-10
-7
-7
-8
-4
-2
0
1
1
0
-1
-2
-3
-5
-7
-7
-6
-6
-4
-3
-6
-7
-9
-8
-6
-4
0
0
2
6
9
12
12
11
11
14
15
14
12
9
9
9
11
12
9
6
4
4
4
4
6
9
12
15
17
20
22
22
23
23
27
32
36
38
40
39
35
31
29
30
32
34
36
36
38
34
32
28
25
21
18
16
16
14
12
9
4
-1
-6
-11
-15
-17
-15
-15
-14
-15
-18
-22
-25
-28
-26
-23
-19
-15
-14
-15
-18
-21
-23
-21
-17
-14
-11
-10
-12
-11
-13
-13
-13
-14
-13
-10
-7
-7
-11
-15
-21
-27
-31
-35
-38
-39
-42
-43
-43
-42
-42
-40
-39
-38
-36
-37
-38
-38
-39
-37
-34
-32
-29
-24
-20
-17
-17
-18
-17
-16
-14
-13
-12
-12
-14
-13
-10
-4
1
3
3
1
-2
-5
-9
-9
-9
-10
-9
-11
-11
-10
-9
-7
-7
-9
-12
-12
-10
-5
1
7
10
12
12
12
10
8
3
-1
-2
-4
-6
-8
-9
-8
-8
-8
-7
-7
-8
-5
-4
-3
-2
0
2
4
3
2
2
2
3
4
5
6
5
3
2
0
-4
-6
-5
-3
-1
1
1
2
2
2
4
6
10
12
12
10
9
9
8
7
6
5
6
10
14
17
17
17
16
15
13
10
9
7
4
5
6
7
6
6
2
0
-4
-9
-13
-13
-15
-15
-13
-11
-9
-7
-8
-10
-10
-10
-8
-8
-9
-10
-10
-12
-11
-9
-8
-8
-6
-5
-6
-8
-11
-11
-10
-9
-8
-8
-6
-3
-1
0
-3
-4
-3
0
4
9
13
17
17
17
16
16
17
19
19
19
16
17
17
17
17
14
10
6
5
3
5
7
9
8
7
6
7
11
11
12
8
6
6
8
12
16
21
23
28
32
33
31
28
27
29
27
24
23
22
22
22
22
18
15
10
7
1
-5
-8
-8
-8
-8
-4
0
1
-1
-2
-2
-2
-3
-5
-6
-9
-9
-7
-2
2
6
7
5
4
5
8
7
7
7
7
6
3
-1
-3
-6
-10
-14
-17
-20
-22
-23
-22
-19
-16
-13
-12
-13
-13
-11
-7
-5
-3
-5
-3
-3
-2
-3
-2
-4
-4
-7
-7
-9
-12
-13
-14
-13
-10
-7
-6
-6
-10
-12
-14
-16
-16
-17
-20
-24
-27
-33
-36
-39
-40
-42
-45
-43
-40
-33
-25
-22
-20
-21
-22
-22
-20
-19
-14
-12
-11
-9
-8
-4
1
7
8
8
6
1
-3
-3
-4
-5
-5
-7
-12
-11
-12
-12
-11
-10
-11
-13
-13
-13
-13
-13
-13
-10
-10
-9
-10
-11
-12
-12
-12
-12
-10
-7
-4
1
8
12
16
13
8
5
6
8
12
15
19
22
25
29
32
34
32
33
29
29
29
26
24
24
25
26
27
25
20
13
7
6
7
9
9
10
11
11
11
12
12
12
13
14
13
12
9
7
6
7
9
13
19
25
29
31
30
29
31
33
35
37
41
47
49
44
38
33
31
31
30
29
26
26
27
28
32
36
41
46
49
47
42
37
33
29
26
24
22
21
20
17
15
13
14
13
10
9
10
13
14
12
9
7
6
5
5
6
6
9
12
15
16
13
11
11
12
15
19
23
25
28
26
24
24
24
22
19
16
14
14
14
15
19
19
18
14
10
6
3
4
4
3
2
0
0
3
6
6
8
10
9
8
3
-2
-5
-6
-8
-8
-7
-7
-7
-6
-6
-6
-5
-3
-3
-4
-5
-5
-3
2
7
12
13
11
6
4
1
3
7
8
7
6
7
10
13
18
20
20
18
14
12
11
13
17
21
25
29
32
34
34
30
27
24
20
15
11
5
2
0
1
3
3
4
5
4
0
-6
-14
-19
-21
-22
-24
-26
-29
-33
-36
-36
-32
-29
-27
-27
-26
-25
-26
-26
-25
-24
-25
-27
-30
-35
-36
-35
-34
-31
-28
-28
-28
-30
-29
-26
-24
-26
-26
-30
-27
-22
-19
-14
-13
-11
-11
-14
-15
-15
-13
-10
-7
-4
-3
-4
-6
-5
-2
3
6
6
9
12
13
13
12
13
15
16
16
15
12
11
12
12
16
18
19
18
15
13
11
11
9
7
5
4
5
8
12
16
18
19
17
15
12
10
9
9
10
11
13
19
23
23
22
19
14
9
7
6
7
7
9
11
13
17
20
20
17
15
13
14
17
19
18
16
14
17
19
23
26
27
27
25
22
17
12
9
10
11
11
13
15
18
19
20
19
17
18
16
15
14
13
14
17
22
25
26
21
18
13
12
12
12
11
13
14
15
15
11
6
1
0
-1
-3
-4
-4
-8
-10
-11
-13
-14
-14
-14
-14
-14
-17
-22
-28
-34
-36
-35
-32
-26
-20
-15
-10
-8
-7
-6
-9
-11
-11
-11
-12
-12
-11
-9
-6
-3
0
2
1
1
2
2
3
5
7
9
10
11
10
11
9
5
7
9
14
18
22
22
21
22
24
28
32
32
30
25
23
21
20
21
20
16
14
12
11
7
5
3
2
0
-2
-3
-3
-1
0
3
5
6
4
1
-1
-1
-3
-6
-8
-7
-6
-5
-3
-4
-6
-8
-10
-16
-21
-25
-26
-27
-25
-21
-20
-17
-18
-19
-22
-24
-23
-22
-18
-15
-9
-7
-7
-7
-5
-3
-1
2
6
7
8
5
2
1
1
2
2
3
2
0
-2
-2
-2
-2
-2
-4
-8
-10
-14
-16
-15
-14
-16
-18
-19
-21
-23
-23
-23
-24
-26
-28
-29
-26
-26
-25
-25
-25
-24
-24
-25
-24
-25
-25
-30
-32
-32
-33
-33
-32
-28
-25
-20
-18
-20
-20
-19
-19
-17
-16
-14
-12
-10
-8
-8
-8
-6
-2
1
2
3
0
-2
-4
-5
-4
-1
1
2
5
7
12
19
27
31
31
28
23
19
22
26
30
32
32
34
34
32
28
25
24
23
23
23
23
26
30
33
36
38
39
39
37
36
34
32
31
27
25
22
20
15
14
16
16
17
18
20
20
20
20
16
13
14
15
17
18
18
20
18
16
14
10
7
5
3
2
0
0
-1
-2
-6
-12
-18
-20
-18
-17
-13
-11
-9
-6
-5
-3
-1
-2
-2
-2
-1
0
0
1
3
3
3
0
-4
-9
-10
-11
-14
-16
-13
-10
-7
-6
-8
-13
-18
-20
-20
-22
-24
-24
-23
-20
-17
-12
-9
-5
-6
-8
-8
-7
-7
-8
-8
-12
-13
-12
-10
-7
-7
-5
-5
-5
-6
-5
-5
-6
-6
-7
-7
-6
-2
-2
-2
-1
-2
-5
-5
-4
-2
-1
-2
-8
-12
-16
-19
-22
-21
-22
-22
-24
-26
-28
-30
-30
-31
-32
-33
-35
-34
-35
-36
-36
-39
-41
-43
-41
-41
-38
-33
-30
-26
-20
-10
-5
1
4
6
6
6
7
11
16
20
22
22
22
23
24
24
26
25
25
22
17
13
11
7
7
10
13
15
16
16
16
14
14
13
13
13
13
14
14
16
19
23
25
24
21
17
12
11
12
12
12
13
15
16
16
14
12
9
4
-2
-7
-11
-17
-23
-26
-26
-25
-22
-24
-28
-30
-31
-31
-30
-31
-36
-38
-43
-44
-44
-39
-34
-32
-32
-33
-33
-32
-27
-21
-16
-10
-8
-5
-2
1
5
7
5
3
0
-1
1
4
8
7
6
5
5
6
6
3
3
0
-2
-3
-3
-1
-2
-5
-7
-9
-5
3
11
17
18
20
21
25
28
30
26
20
18
19
22
26
27
26
24
21
20
21
22
20
20
17
15
14
15
18
19
17
15
16
15
13
12
10
9
10
7
6
7
6
6
7
5
6
7
6
9
11
14
17
19
18
18
18
19
20
19
17
13
11
14
17
20
23
23
22
20
19
17
15
15
16
19
20
22
27
28
30
29
28
27
24
20
16
13
12
12
15
15
15
15
17
18
20
20
16
12
7
6
3
3
2
-2
-2
-4
-2
0
-2
-3
-6
-9
-14
-18
-20
-24
-28
-30
-30
-31
-33
-36
-35
-35
-34
-35
-38
-38
-36
-33
-31
-32
-32
-33
-33
-31
-29
-27
-26
-24
-24
-24
-22
-20
-17
-15
-12
-13
-12
-9
-7
-5
-3
-2
0
1
2
3
5
5
8
9
7
3
-1
-4
-6
-4
-1
4
4
6
5
6
7
9
8
3
-3
-8
-11
-12
-13
-15
-15
-15
-15
-13
-13
-11
-7
-4
-2
0
3
5
6
8
10
12
13
14
17
18
20
18
16
14
14
13
13
10
8
5
4
4
3
5
3
-1
-4
-5
-2
2
3
2
0
0
-1
-1
1
3
5
6
8
5
5
9
13
16
21
24
26
25
24
22
20
16
14
9
5
5
7
10
11
12
11
10
5
0
-3
-5
-6
-9
-8
-9
-8
-6
-2
1
2
2
0
-2
-8
-13
-16
-15
-13
-11
-9
-6
-1
4
7
8
6
5
3
-1
-1
0
2
2
4
3
3
3
2
0
-1
-2
-1
-1
1
3
4
3
3
3
4
3
4
3
1
2
4
4
4
5
5
7
6
7
6
4
3
4
7
10
9
7
2
-1
-1
5
10
15
17
19
21
23
24
23
20
17
19
22
26
30
33
34
35
30
26
18
13
12
12
12
11
11
12
13
13
14
16
17
16
17
18
19
21
21
21
19
18
18
18
18
17
15
15
16
15
10
5
0
-1
2
4
7
7
7
5
4
-2
-6
-10
-13
-14
-16
-18
-17
-15
-12
-12
-14
-16
-20
-22
-21
-19
-18
-15
-16
-17
-20
-21
-20
-20
-21
-19
-18
-15
-11
-8
-6
-8
-13
-19
-23
-24
-25
-27
-31
-34
-35
-33
-33
-34
-35
-35
-35
-31
-25
-23
-21
-20
-21
-20
-23
-25
-27
-28
-27
-23
-17
-9
-5
-2
-1
-2
0
2
3
5
5
4
6
7
7
5
6
5
2
-2
-7
-10
-9
-9
-8
-5
-5
-4
-2
-2
-4
-8
-7
-4
-2
-2
-2
0
2
7
11
12
13
12
12
12
12
12
12
10
12
16
19
22
24
28
28
28
26
24
26
27
31
33
34
33
32
29
26
25
24
21
21
19
14
8
4
3
4
3
4
6
6
10
11
11
9
7
5
3
2
2
3
5
10
12
15
19
22
22
21
17
14
11
9
9
9
10
11
10
10
7
6
5
4
5
3
2
1
0
-1
0
0
-1
-2
-4
-3
2
4
6
4
4
3
3
2
-2
-4
-6
-5
-5
-4
-5
-7
-7
-7
-9
-13
-15
-18
-17
-18
-18
-20
-20
-18
-16
-14
-10
-8
-1
2
0
-4
-5
-5
-3
-2
-1
0
0
0
0
-3
-6
-9
-13
-16
-17
-18
-17
-15
-10
-9
-5
-4
-2
1
3
1
0
0
-3
-4
-5
-5
-3
1
8
14
19
20
20
16
11
7
4
0
-4
-5
-3
-1
-1
-5
-7
-12
-18
-24
-27
-31
-32
-27
-21
-17
-15
-15
-17
-19
-17
-12
-9
-8
-9
-13
-17
-18
-18
-15
-12
-6
-1
4
8
10
12
11
11
8
2
-2
-2
-4
-5
-4
-4
-3
-4
-8
-15
-18
-20
-18
-16
-12
-10
-10
-13
-17
-18
-18
-19
-19
-21
-21
-20
-18
-15
-16
-17
-17
-18
-18
-16
-15
-11
-8
-6
-5
-5
-8
-12
-13
-12
-14
-13
-10
-6
-4
-6
-10
-15
-22
-27
-29
-30
-32
-34
-36
-33
-29
-24
-22
-25
-28
-27
-25
-22
-19
-17
-16
-18
-17
-13
-10
-7
-6
-7
-9
-7
-3
-1
0
2
1
-1
-3
-5
-6
-5
-5
-8
-9
-12
-14
-15
-17
-19
-18
-14
-11
-9
-7
-5
-1
2
5
9
12
16
21
26
31
34
34
34
34
34
33
37
35
31
28
27
24
20
18
13
11
11
13
14
12
9
4
2
2
1
-1
-2
-2
1
5
8
10
14
16
20
20
18
18
19
21
22
20
17
11
6
2
-1
-5
-6
-5
-4
-3
-4
-2
0
3
5
2
-3
-6
-8
-7
-7
-5
-4
-1
2
6
12
16
17
16
10
6
6
6
12
15
17
16
14
13
10
9
7
7
5
2
-2
-4
-8
-12
-16
-22
-24
-25
-24
-25
-27
-31
-37
-41
-44
-43
-40
-39
-39
-39
-38
-36
-33
-28
-26
-21
-17
-13
-11
-9
-9
-9
-9
-12
-17
-22
-27
-28
-27
-27
-29
-28
-28
-26
-25
-23
-21
-20
-20
-22
-24
-24
-22
-20
-17
-17
-18
-17
-15
-15
-17
-16
-18
-20
-20
-18
-15
-13
-13
-13
-12
-11
-9
-7
-4
0
3
8
9
10
7
4
0
-6
-12
-17
-18
-15
-10
-2
3
7
9
11
13
14
15
14
13
14
16
20
22
23
25
27
28
28
29
30
30
29
27
25
24
23
25
27
30
31
30
28
25
21
18
13
8
4
0
-3
-6
-6
-4
-2
-5
-8
-12
-14
-17
-18
-18
-20
-21
-21
-19
-20
-21
-26
-29
-32
-36
-41
-44
-46
-47
-49
-51
-52
-52
-49
-45
-43
-41
-41
-42
-43
-40
-37
-32
-27
-22
-16
-13
-8
-8
-11
-13
-13
-12
-9
-4
-3
-1
-1
-3
-1
0
1
2
4
3
1
-3
-4
-6
-7
-8
-6
-4
0
2
2
1
0
-1
0
1
2
1
-1
-3
-2
2
6
7
9
12
14
17
18
16
13
11
9
6
4
1
-1
-3
-4
-3
0
5
9
13
16
16
15
13
10
7
7
6
7
6
6
7
7
6
3
1
-1
-1
2
3
1
-1
-3
-4
-6
-3
-1
2
4
4
2
1
-3
-6
-3
1
3
5
7
6
4
2
2
1
1
1
1
3
8
10
9
9
6
3
0
-1
-1
-1
-2
-4
-7
-8
-9
-11
-12
-11
-9
-7
-7
-6
-7
-10
-10
-10
-9
-8
-6
-3
-1
-3
-3
-2
1
4
5
5
4
4
6
7
9
10
11
11
9
8
7
3
0
0
-2
-4
-8
-12
-14
-14
-11
-9
-7
-6
-6
-5
-9
-11
-13
-12
-8
-7
-5
-6
-6
-6
-7
-8
-9
-11
-11
-7
-2
0
1
1
-1
0
3
5
6
5
5
7
9
12
13
12
11
13
14
13
11
8
7
9
11
15
19
22
19
13
8
6
6
8
13
20
24
28
29
27
24
23
20
17
16
15
13
12
11
9
8
10
13
19
28
32
34
34
31
30
29
27
26
24
22
19
16
14
11
12
13
14
13
8
7
2
0
-1
0
2
4
5
8
10
10
11
10
8
5
2
2
5
9
11
10
8
5
3
2
0
-3
-8
-10
-12
-14
-16
-17
-20
-23
-27
-27
-26
-25
-26
-24
-25
-27
-29
-31
-32
-31
-27
-21
-16
-13
-10
-5
-4
-4
-7
-8
-8
-6
0
3
5
5
5
5
5
4
5
8
11
15
18
19
22
23
25
26
28
29
33
37
40
41
41
39
42
44
46
46
47
48
45
42
39
35
34
35
35
33
32
29
28
28
28
27
28
27
28
29
32
32
30
28
25
23
21
17
16
15
15
14
13
10
6
6
4
3
4
2
2
-1
-3
-6
-10
-10
-11
-12
-12
-15
-14
-16
-15
-14
-11
-8
-7
-9
-13
-19
-22
-23
-21
-21
-19
-16
-16
-16
-17
-17
-19
-20
-19
-19
-23
-24
-25
-26
-25
-25
-24
-23
-19
-15
-13
-13
-15
-17
-19
-20
-20
-19
-17
-15
-11
-5
-2
0
4
8
12
16
18
21
20
17
17
18
21
25
25
25
27
30
32
33
31
27
25
23
23
22
21
17
16
18
18
17
14
10
5
0
-3
-6
-4
-3
-1
1
-3
-4
-2
1
5
4
3
4
5
7
7
9
8
7
6
7
8
6
4
-1
-7
-12
-17
-21
-23
-22
-19
-19
-18
-16
-17
-18
-21
-20
-19
-17
-14
-12
-10
-9
-8
-5
1
6
8
7
5
4
3
6
8
11
12
13
13
16
22
27
30
30
29
31
33
36
39
40
39
39
38
37
37
37
36
34
33
32
31
30
30
26
26
25
23
22
21
15
9
2
-5
-12
-17
-23
-27
-28
-26
-22
-16
-16
-14
-17
-22
-26
-28
-30
-29
-26
-24
-20
-14
-10
-9
-7
-8
-9
-9
-7
-4
-2
-1
-2
-5
-7
-6
-10
-15
-19
-22
-19
-16
-11
-7
-4
-3
-2
-6
-9
-10
-10
-11
-11
-12
-14
-15
-11
-2
2
4
4
3
4
4
3
1
0
0
2
4
6
8
11
13
15
17
16
17
17
17
18
19
17
17
16
15
14
12
8
4
3
3
5
3
1
-4
-7
-12
-15
-16
-16
-15
-16
-13
-13
-11
-10
-9
-10
-11
-12
-15
-18
-21
-21
-22
-26
-28
-30
-31
-30
-31
-32
-35
-40
-44
-47
-45
-42
-37
-34
-32
-32
-30
-27
-24
-21
-25
-27
-26
-21
-14
-8
-6
-6
-4
-3
-2
0
1
2
3
6
10
12
9
5
2
-1
-1
-1
1
4
7
11
12
12
10
9
5
3
0
-1
0
2
3
5
7
7
6
4
1
-3
-4
-4
-2
0
2
-1
-3
-3
-1
3
7
9
9
7
3
0
-2
1
3
5
4
4
4
5
6
3
0
-3
-5
-7
-7
-4
-3
-5
-5
-6
-7
-8
-11
-13
-17
-20
-23
-25
-24
-22
-22
-22
-23
-21
-17
-13
-10
-10
-10
-12
-11
-9
-9
-9
-9
-7
-5
-3
-3
-7
-9
-9
-4
2
5
7
5
1
-2
-1
1
3
3
0
-2
-2
-2
-1
1
3
6
7
9
8
6
5
3
1
2
4
6
10
13
16
18
17
13
8
3
1
4
9
12
14
17
19
18
18
16
14
13
13
16
19
21
22
22
24
26
24
21
18
18
19
19
19
17
11
6
0
-3
-4
-5
-5
-6
-7
-8
-6
-4
1
2
1
-2
-5
-8
-8
-6
-3
0
1
1
3
2
3
3
5
4
2
-5
-12
-18
-20
-20
-18
-19
-22
-27
-31
-37
-43
-48
-51
-53
-54
-55
-55
-53
-53
-50
-50
-51
-52
-50
-47
-42
-35
-30
-26
-24
-22
-21
-22
-22
-20
-18
-15
-10
-4
2
4
6
7
10
11
14
16
16
15
11
8
5
1
-1
2
4
5
6
5
7
6
2
-3
-6
-4
-1
4
6
2
-4
-13
-19
-22
-23
-24
-24
-25
-23
-25
-26
-27
-27
-28
-28
-31
-32
-30
-29
-28
-27
-27
-26
-24
-25
-25
-27
-28
-27
-23
-21
-21
-21
-21
-22
-21
-19
-18
-16
-16
-14
-13
-14
-12
-11
-9
-3
2
6
9
8
9
10
12
13
13
18
21
25
26
27
26
26
26
26
25
26
23
19
14
10
8
6
4
4
6
8
8
8
7
5
3
0
-4
-7
-7
-5
-2
1
4
6
5
2
-4
-10
-14
-15
-15
-11
-7
-2
1
3
3
5
4
1
-2
-5
-6
-7
-5
-3
2
7
9
11
11
5
0
-5
-8
-9
-9
-6
-1
2
4
3
3
0
-1
-4
-10
-16
-17
-19
-22
-20
-18
-15
-12
-11
-7
-5
-3
1
6
9
6
6
4
2
1
3
5
8
13
18
17
16
14
10
7
3
2
5
8
15
21
28
33
32
29
24
20
20
19
17
17
16
17
17
15
16
16
18
17
16
17
19
21
22
24
22
21
18
15
14
12
11
10
7
9
13
17
24
25
24
20
16
14
10
6
1
-4
-2
2
5
4
3
1
0
-2
-4
-5
-7
-8
-11
-12
-13
-15
-16
-13
-11
-9
-7
-9
-12
-13
-11
-10
-10
-10
-9
-6
-4
-3
-2
-1
0
2
2
0
-3
-4
-5
-3
1
1
-1
-3
-6
-7
-7
-7
-6
-5
-8
-12
-13
-14
-14
-11
-9
-7
-6
-4
-3
-5
-7
-10
-11
-7
-3
3
5
5
5
5
7
11
15
19
20
20
18
18
16
13
13
13
14
15
17
15
15
12
8
7
4
3
3
6
9
10
10
8
7
7
6
3
-1
-3
-4
-4
-2
-2
-2
-1
-3
-4
-5
-6
-6
-4
-3
-3
-4
-6
-9
-13
-16
-18
-14
-8
-1
1
3
2
-3
-8
-15
-19
-25
-29
-30
-29
-25
-20
-16
-15
-15
-15
-14
-10
-7
-1
4
10
12
16
19
22
24
23
24
22
24
26
27
24
18
12
10
11
13
14
15
16
16
15
17
16
13
9
6
4
3
2
3
3
7
8
8
6
5
6
8
9
8
6
5
5
7
8
8
7
4
3
4
7
11
13
15
17
19
20
20
21
20
19
20
19
20
23
24
25
27
28
29
28
25
23
17
11
7
2
0
0
1
3
4
5
4
5
7
10
10
11
12
13
14
19
25
30
30
27
20
16
15
17
21
22
21
21
20
22
19
20
19
17
14
9
6
5
3
3
5
4
1
1
0
0
0
0
2
2
1
-1
-5
-7
-6
-2
2
2
4
2
0
0
2
2
0
-1
0
0
-4
-9
-10
-12
-12
-12
-14
-18
-23
-25
-27
-27
-30
-32
-35
-38
-40
-39
-36
-30
-23
-19
-18
-21
-23
-24
-25
-25
-22
-21
-18
-12
-8
-4
-3
-3
-6
-12
-14
-16
-18
-14
-11
-5
-3
-1
2
3
3
1
2
0
-3
-6
-10
-11
-9
-6
-2
1
5
11
13
15
15
16
14
11
8
6
3
0
-2
0
4
6
8
8
7
9
11
13
14
14
11
10
10
14
18
18
17
15
10
6
5
5
5
4
5
7
8
9
10
10
10
8
5
2
-2
-6
-9
-9
-8
-7
-8
-10
-14
-17
-16
-13
-9
-6
-4
-4
-7
-4
0
4
6
7
7
8
10
13
15
15
15
18
18
14
9
10
11
12
11
7
7
6
6
8
9
11
13
14
13
11
9
8
7
7
8
9
10
11
10
11
12
16
20
24
26
28
29
31
32
33
31
26
22
16
12
9
9
11
11
11
9
5
3
0
-1
2
5
6
7
6
5
1
1
1
3
3
2
3
6
13
20
24
27
28
30
33
38
41
44
43
40
37
34
34
33
29
24
21
17
14
14
13
14
14
13
12
14
15
16
18
19
21
23
22
21
23
23
25
26
24
23
21
18
16
16
17
18
18
19
17
16
14
9
4
0
-4
-6
-4
-1
2
6
6
5
6
9
13
17
20
23
24
25
25
22
22
20
16
13
11
10
8
6
8
10
11
12
9
4
-2
-7
-10
-12
-15
-16
-16
-15
-14
-17
-23
-32
-38
-41
-42
-39
-35
-31
-27
-25
-27
-28
-33
-35
-35
-33
-29
-27
-21
-18
-17
-16
-17
-16
-13
-8
-6
-5
-5
-6
-5
-1
1
2
2
1
0
-2
-2
-1
1
3
6
6
5
5
3
4
4
2
-1
-4
-7
-8
-8
-5
-3
0
4
5
6
5
3
-1
-5
-9
-12
-15
-16
-14
-11
-8
-6
-8
-9
-11
-12
-14
-18
-24
-30
-35
-35
-34
-33
-28
-24
-19
-15
-15
-16
-18
-20
-22
-21
-15
-10
-4
0
5
8
10
12
14
13
15
16
16
18
17
17
15
12
9
6
3
2
-1
-4
-6
-7
-5
-5
-7
-8
-9
-10
-12
-13
-16
-15
-15
-15
-13
-11
-12
-11
-13
-15
-17
-19
-19
-16
-14
-13
-10
-9
-6
-5
-7
-7
-9
-9
-10
-12
-12
-11
-9
-5
-5
-3
-2
-5
-7
-10
-11
-10
-9
-10
-8
-7
-3
2
5
8
6
8
8
8
11
14
16
19
22
23
23
19
16
14
14
15
16
16
15
13
10
7
6
7
6
5
3
4
1
1
0
1
-1
-1
-1
-1
0
1
3
5
4
4
4
3
3
0
-1
-3
-5
-1
4
9
11
15
16
18
18
18
17
13
12
12
13
16
19
22
25
26
25
24
18
15
8
2
-5
-7
-6
-6
-3
-3
-3
-4
-8
-9
-12
-14
-17
-22
-28
-32
-30
-28
-27
-26
-24
-23
-25
-26
-28
-31
-32
-31
-32
-36
-40
-41
-38
-34
-29
-26
-26
-25
-26
-29
-30
-31
-34
-34
-34
-30
-27
-26
-26
-26
-25
-23
-22
-23
-26
-29
-31
-33
-30
-31
-28
-27
-25
-21
-16
-16
-16
-20
-22
-22
-23
-23
-23
-22
-23
-22
-19
-18
-17
-18
-18
-18
-16
-14
-13
-14
-17
-19
-18
-15
-11
-8
-9
-11
-12
-11
-10
-11
-10
-7
-4
-1
0
0
3
5
7
7
6
5
5
6
11
11
13
13
14
15
14
12
10
7
5
1
0
-1
-1
-1
-2
-3
-4
-4
-4
-5
-6
-8
-10
-13
-14
-15
-17
-20
-23
-27
-26
-23
-18
-14
-10
-7
-4
-2
0
-2
-7
-11
-12
-12
-10
-7
-4
-2
0
-5
-9
-13
-16
-16
-10
-5
-1
1
3
4
5
4
4
4
7
9
8
7
3
3
6
7
11
15
18
21
22
22
21
19
16
14
12
10
11
13
13
14
16
16
17
15
12
9
5
1
-1
-2
-2
1
6
12
16
18
17
16
12
8
6
4
3
5
7
11
13
15
16
16
13
13
14
15
13
10
8
7
9
12
14
20
24
28
28
23
17
14
13
14
13
14
16
16
17
18
16
12
9
6
7
10
13
17
19
21
22
19
18
18
18
17
16
14
13
9
8
7
3
2
2
5
5
3
-1
-6
-10
-14
-20
-22
-23
-22
-20
-18
-19
-19
-19
-21
-22
-25
-26
-24
-21
-16
-14
-14
-13
-9
-7
-7
-7
-6
-5
-1
2
7
10
11
11
11
8
3
-1
-6
-8
-8
-8
-4
2
7
11
14
11
7
1
-3
-3
-2
1
4
7
9
10
7
2
-2
-4
-6
-5
-5
-5
-7
-10
-10
-10
-8
-3
4
10
11
11
8
3
0
-3
-8
-13
-14
-13
-10
-5
-1
1
3
4
5
3
0
-1
0
2
4
5
6
7
7
9
10
11
13
14
17
19
23
25
26
26
22
20
19
17
13
10
6
3
2
0
2
3
4
7
8
9
12
11
7
4
-1
0
0
2
1
2
4
8
13
15
15
11
4
1
0
1
4
10
13
15
16
15
14
13
14
14
15
13
9
7
6
6
7
8
8
11
13
16
18
19
16
13
10
9
12
15
15
14
11
9
8
6
7
8
7
6
7
11
12
13
11
9
8
8
8
10
11
9
10
8
7
7
10
13
14
14
15
15
17
15
14
13
14
13
13
13
14
17
22
24
27
28
30
32
35
35
31
26
18
15
13
15
19
25
29
30
33
36
36
34
27
20
14
10
5
-1
-7
-11
-10
-13
-13
-14
-13
-12
-11
-11
-12
-13
-15
-17
-19
-19
-20
-18
-15
-12
-10
-9
-8
-9
-11
-12
-12
-11
-10
-9
-9
-10
-8
-4
2
3
1
1
0
0
1
2
2
0
-1
0
3
5
7
8
10
9
7
8
11
13
13
14
15
16
17
19
19
18
15
13
11
11
14
19
23
24
23
23
21
22
23
23
21
20
19
18
20
22
24
26
27
28
29
30
28
23
20
18
14
11
10
11
12
13
14
11
9
7
9
10
13
16
16
14
13
13
13
15
16
17
18
19
19
18
14
13
12
9
7
4
0
-5
-10
-13
-13
-13
-17
-18
-17
-15
-12
-9
-8
-7
-7
-7
-5
-5
-7
-8
-11
-13
-14
-12
-12
-10
-9
-8
-7
-8
-11
-17
-22
-24
-22
-20
-22
-28
-34
-37
-41
-42
-42
-40
-36
-35
-32
-30
-29
-29
-29
-28
-29
-28
-25
-20
-15
-13
-13
-15
-16
-17
-13
-7
-2
2
3
3
3
3
2
0
-1
-2
-2
-2
-4
-8
-9
-9
-6
-1
-1
-1
-2
-4
-3
-3
-2
-2
0
0
1
-2
-6
-10
-13
-14
-17
-20
-24
-23
-21
-18
-16
-14
-13
-15
-15
-16
-13
-11
-7
-1
3
5
7
12
14
15
16
17
21
23
23
22
22
20
19
20
19
13
10
10
12
15
17
19
20
17
13
8
5
3
4
6
11
15
18
18
14
10
7
6
5
4
1
-2
-8
-12
-14
-16
-15
-15
-16
-19
-23
-25
-23
-22
-19
-16
-13
-12
-13
-17
-23
-25
-27
-27
-25
-21
-15
-11
-10
-11
-12
-10
-8
-5
-4
-4
-7
-8
-9
-10
-9
-9
-10
-10
-12
-12
-10
-11
-12
-18
-22
-26
-24
-19
-14
-11
-8
-6
-8
-12
-14
-17
-17
-15
-10
-7
-6
-3
-2
2
4
7
5
2
-1
-5
-6
-6
-6
-6
-8
-12
-16
-21
-24
-22
-19
-17
-19
-23
-29
-31
-30
-25
-22
-21
-19
-17
-15
-11
-8
-6
-5
-2
1
5
10
15
18
19
17
15
13
12
11
10
9
6
6
4
4
5
6
5
5
5
5
4
4
5
6
7
9
11
12
14
15
14
12
8
5
4
0
-2
-4
-5
-5
-7
-8
-9
-11
-14
-15
-16
-17
-17
-17
-18
-19
-22
-23
-22
-19
-17
-16
-17
-19
-22
-26
-32
-35
-37
-36
-33
-34
-34
-35
-38
-41
-43
-47
-49
-47
-47
-43
-40
-35
-30
-25
-26
-27
-29
-28
-26
-25
-24
-25
-25
-23
-21
-20
-19
-17
-13
-10
-6
-5
-6
-7
-9
-11
-14
-18
-20
-22
-22
-19
-15
-9
-4
1
5
7
8
7
9
7
5
4
4
4
6
8
8
9
9
9
9
10
10
6
3
0
-1
-1
-1
2
5
5
6
8
11
11
10
7
4
3
3
3
4
6
7
7
5
1
-4
-10
-13
-16
-17
-18
-19
-18
-16
-16
-17
-15
-12
-6
1
5
6
4
3
1
0
1
4
7
11
14
16
18
20
19
18
15
14
13
11
9
8
6
4
4
4
6
6
5
4
3
3
3
2
0
-2
-1
-1
3
6
6
4
-1
-4
-5
-4
-1
-2
-3
-2
-1
4
9
12
10
7
0
-4
-5
-3
-2
-1
-4
-7
-8
-7
-8
-4
0
4
4
3
1
-3
-10
-18
-21
-22
-22
-21
-19
-16
-15
-14
-15
-18
-22
-21
-19
-15
-9
-2
-1
-2
-2
-4
-5
-5
-7
-8
-8
-5
-3
-1
0
4
9
15
21
25
26
25
22
19
18
16
14
14
15
18
19
23
22
22
21
20
16
14
12
11
9
5
3
3
4
4
1
-2
-4
-5
-8
-12
-14
-13
-7
-2
-2
-2
-6
-10
-13
-15
-19
-19
-18
-15
-11
-6
-1
4
5
6
6
5
3
1
-1
-1
-3
-3
-1
-2
-3
-5
-8
-10
-12
-13
-13
-13
-10
-7
-6
-3
-1
-3
-6
-9
-10
-12
-15
-18
-20
-23
-24
-27
-25
-23
-20
-18
-17
-19
-21
-23
-23
-20
-16
-11
-7
-2
-1
0
-5
-8
-9
-11
-14
-18
-18
-18
-17
-19
-20
-20
-21
-21
-20
-16
-12
-10
-10
-9
-9
-8
-8
-8
-8
-4
-2
0
2
5
8
11
14
16
20
23
25
25
25
24
24
22
25
27
26
25
26
24
23
21
18
13
8
5
4
5
9
15
17
18
13
8
3
0
-2
-2
-3
-3
-2
2
5
9
11
10
3
-5
-11
-14
-12
-8
-7
-5
-2
2
5
9
13
15
15
15
17
19
21
23
25
25
21
16
7
1
-2
-4
-3
-2
-2
0
3
6
8
8
3
0
-2
-1
5
9
10
10
10
10
11
10
7
4
5
7
11
17
20
24
25
23
19
14
9
5
3
2
1
-1
-2
-2
-3
-5
-5
-9
-14
-21
-25
-28
-28
-26
-21
-17
-14
-14
-14
-12
-13
-11
-11
-12
-11
-8
-5
-2
0
0
0
0
-2
-4
-4
-2
3
9
15
20
23
25
25
25
23
18
11
7
3
1
4
7
8
7
3
0
-2
0
3
6
7
8
9
10
14
20
25
29
32
32
30
27
23
17
15
11
12
14
20
28
34
35
33
27
22
21
20
18
15
13
11
12
15
17
15
11
5
2
-1
1
4
4
4
2
0
-4
-7
-8
-5
-4
-4
-3
-5
-4
-5
-6
-8
-10
-13
-15
-14
-12
-10
-7
-8
-9
-12
-15
-17
-19
-19
-17
-15
-13
-12
-13
-16
-17
-17
-17
-15
-12
-13
-13
-11
-7
-7
-3
1
4
7
9
11
14
19
19
21
20
18
18
19
24
29
34
41
46
48
47
43
39
34
28
25
23
21
20
18
17
17
19
20
23
24
23
21
16
9
3
1
1
2
6
6
4
1
0
-1
-4
-6
-10
-14
-18
-20
-22
-21
-20
-19
-16
-14
-10
-7
-6
-5
-4
-4
-4
-2
0
1
4
6
7
8
5
4
2
1
-1
0
0
-2
-4
-5
-3
0
-1
-1
-4
-6
-7
-9
-8
-9
-9
-9
-8
-9
-8
-6
-4
-2
-1
-1
0
2
1
-3
-4
-6
-9
-9
-12
-16
-18
-16
-13
-10
-7
-6
-5
-5
-4
-4
-4
-2
-3
-4
-6
-7
-9
-11
-12
-12
-12
-9
-8
-7
-4
-1
3
6
7
5
2
1
5
9
10
11
11
12
15
20
24
27
29
29
28
25
23
23
24
22
20
20
19
19
18
19
20
20
16
11
5
3
5
8
9
8
6
1
1
1
-2
-5
-8
-11
-13
-13
-16
-18
-18
-18
-15
-13
-11
-9
-6
-4
-3
-3
-4
-3
-2
-2
-2
-4
-5
-7
-8
-7
-5
-2
2
6
6
5
5
5
2
-1
-2
-4
-3
-3
-5
-8
-11
-12
-10
-5
-3
-4
-4
-3
-4
-3
-4
-5
-7
-6
-6
-4
-1
0
1
5
7
7
7
7
7
2
-4
-7
-7
-4
-2
0
-1
-2
-2
-3
-5
-5
-7
-9
-10
-12
-13
-13
-10
-5
3
8
11
9
4
-1
-3
-3
0
4
9
16
21
23
20
15
12
10
6
4
6
10
13
14
12
9
7
7
10
13
13
12
9
7
6
4
3
0
-1
-2
-1
2
4
4
3
1
2
4
6
7
4
2
-1
-3
-6
-7
-6
-4
-2
-3
-3
-4
-3
-2
-1
-4
-9
-13
-16
-15
-16
-15
-14
-11
-7
-3
-1
-1
0
-1
-5
-8
-13
-16
-20
-20
-15
-10
-5
-1
0
0
-3
-6
-9
-9
-9
-10
-9
-7
-6
-5
-7
-9
-9
-10
-10
-8
-9
-10
-10
-10
-8
-5
1
2
1
1
1
3
2
0
-3
-6
-9
-11
-11
-9
-7
-4
-1
1
0
-1
-2
-2
-1
-3
-5
-7
-9
-9
-7
-5
-3
-1
0
0
-1
-4
-6
-6
-4
-1
1
1
0
1
1
1
0
0
-1
2
1
-1
-3
-4
-3
0
3
3
4
6
5
6
4
1
0
0
1
1
-1
0
2
3
4
6
4
3
1
-1
-3
-3
-2
2
5
7
6
6
8
9
13
15
15
15
14
11
14
17
17
20
20
16
11
8
5
4
4
5
8
12
13
13
11
5
-3
-7
-12
-14
-15
-16
-16
-16
-20
-22
-24
-27
-30
-34
-31
-27
-23
-20
-21
-24
-25
-27
-26
-24
-21
-23
-23
-24
-26
-27
-29
-29
-29
-28
-26
-23
-21
-19
-17
-15
-14
-13
-14
-14
-16
-17
-18
-19
-20
-22
-21
-21
-19
-17
-11
-7
-5
-2
1
5
9
12
16
15
13
14
14
14
16
19
22
23
24
23
21
20
19
18
16
17
16
16
15
11
6
2
-1
-2
-3
-3
-4
-3
-1
2
6
7
6
6
8
9
9
6
5
4
2
-2
-6
-9
-11
-11
-11
-15
-16
-12
-9
-3
-2
-3
-9
-10
-8
-6
-7
-8
-10
-9
-6
-4
-3
-4
-7
-11
-13
-15
-16
-17
-16
-17
-16
-16
-15
-15
-15
-16
-17
-19
-22
-24
-29
-34
-33
-28
-24
-21
-18
-17
-15
-12
-10
-9
-10
-12
-13
-15
-13
-15
-20
-25
-29
-34
-37
-35
-30
-26
-22
-20
-19
-19
-21
-23
-25
-24
-22
-20
-18
-18
-19
-21
-22
-21
-19
-18
-19
-21
-24
-26
-28
-29
-25
-22
-20
-16
-15
-14
-13
-13
-14
-16
-18
-20
-19
-14
-7
-3
-1
3
5
8
11
10
5
4
4
8
11
12
11
6
2
0
-1
-2
-2
-4
-7
-10
-11
-8
-2
5
9
13
12
12
11
8
4
2
4
8
13
16
16
16
14
12
5
0
-5
-9
-7
-3
0
2
0
-4
-5
-4
-3
-2
-2
-2
-2
-3
-1
1
7
10
14
13
12
12
11
9
7
1
-4
-5
-3
-1
3
9
9
8
6
2
0
0
1
0
-3
-6
-10
-12
-13
-12
-7
-4
0
1
3
5
7
6
3
3
1
-4
-8
-13
-16
-19
-20
-22
-25
-25
-26
-26
-22
-20
-19
-19
-16
-10
-5
1
3
1
0
-7
-11
-16
-19
-16
-11
-3
3
8
11
12
15
15
15
13
16
20
21
24
26
29
31
32
33
33
32
33
33
31
30
29
30
31
34
37
38
36
35
35
35
36
38
40
40
37
36
36
36
37
38
38
37
33
27
27
25
26
27
25
23
19
13
11
10
9
9
4
-2
-4
-1
1
2
2
1
1
1
4
8
14
16
14
12
10
12
13
16
14
11
7
4
4
6
4
3
1
-1
2
4
3
0
-3
-7
-11
-13
-12
-11
-12
-9
-10
-12
-12
-9
-6
-5
-5
-9
-12
-13
-12
-11
-9
-9
-7
-6
-3
0
2
1
-1
-5
-7
-7
-7
-7
-5
-4
-3
-1
1
1
-1
-4
-6
-7
-10
-11
-11
-10
-13
-16
-18
-20
-19
-18
-13
-9
-5
-3
-2
0
2
4
3
3
3
5
6
9
8
12
13
15
21
25
27
28
28
30
32
32
29
25
21
18
17
19
20
22
23
21
21
22
24
26
27
26
25
24
23
19
16
13
10
8
7
4
4
5
4
1
-4
-7
-7
-5
-2
0
5
7
7
5
1
-2
-1
-2
-3
-3
-3
0
4
7
10
10
8
9
8
7
7
6
5
4
2
0
1
3
1
-2
-6
-9
-10
-12
-12
-12
-12
-9
-7
-7
-7
-4
-3
-1
-3
-4
-6
-6
-6
-8
-6
-5
-1
4
6
6
8
8
9
13
14
12
10
12
11
11
11
9
8
7
7
7
6
4
5
7
10
13
17
21
23
20
17
15
12
9
6
5
3
4
4
4
8
12
13
8
5
0
-1
2
3
3
4
5
7
12
16
19
20
18
16
14
14
15
16
14
14
12
11
8
5
4
3
2
3
4
7
9
13
13
13
14
16
18
21
21
22
22
22
23
25
24
22
22
19
20
21
23
21
19
17
14
14
16
19
20
18
17
15
10
9
7
4
2
0
-3
-6
-7
-9
-10
-11
-11
-10
-7
-2
0
1
1
-2
-6
-12
-16
-19
-21
-21
-20
-18
-15
-13
-12
-9
-8
-7
-10
-14
-17
-20
-24
-26
-26
-28
-28
-24
-19
-13
-12
-13
-15
-17
-17
-18
-18
-18
-18
-14
-9
-3
-1
1
3
7
10
10
10
9
5
-1
-3
-6
-6
-7
-5
-2
2
4
5
5
6
5
3
3
2
2
2
2
4
5
9
12
14
13
13
12
12
14
14
14
16
19
20
20
18
15
13
13
14
14
13
14
16
18
19
19
20
20
17
15
13
10
8
10
13
14
15
17
19
22
26
28
27
25
20
15
9
4
0
-2
-3
-1
3
6
5
6
4
2
0
-1
-1
-1
-2
-2
-4
-7
-8
-9
-6
-1
2
4
6
6
3
1
-1
-3
-3
-4
-2
-3
-2
-1
1
3
5
6
8
8
6
5
4
5
7
8
8
8
5
3
1
0
1
0
-2
-5
-6
-7
-7
-7
-5
-3
-1
-2
-3
-2
-1
0
-1
-1
4
7
11
15
17
20
22
24
26
26
27
25
21
19
18
17
14
10
8
5
9
13
20
24
25
23
21
18
16
12
9
8
9
11
10
10
10
11
12
15
15
14
13
10
7
4
2
-2
-3
-4
-3
-4
-4
-4
-6
-9
-11
-12
-12
-11
-13
-17
-23
-27
-28
-29
-26
-28
-28
-27
-25
-24
-23
-21
-21
-23
-24
-28
-30
-34
-35
-32
-26
-22
-19
-19
-20
-23
-22
-21
-20
-17
-16
-14
-9
-3
1
0
-4
-8
-9
-7
-3
0
3
4
5
4
4
5
5
3
2
2
4
2
0
-2
-3
-4
-4
-1
4
10
13
12
9
7
4
0
-4
-2
1
4
9
15
16
14
13
15
16
19
20
19
15
13
9
4
1
0
-1
-2
-3
-4
-2
-1
-2
0
-1
-3
-4
-5
0
3
5
6
8
10
12
10
7
5
2
-1
-3
-6
-6
-3
1
4
4
5
2
2
3
2
0
0
0
1
0
1
0
-3
-5
-8
-8
-7
-6
-3
-1
-1
1
3
3
2
1
-1
-2
-2
-1
0
1
2
3
3
4
4
4
2
0
-1
-4
-7
-8
-10
-8
-9
-8
-7
-6
-5
-5
-7
-9
-12
-17
-17
-18
-18
-16
-12
-11
-10
-11
-15
-17
-19
-21
-21
-20
-17
-10
-4
0
3
2
-4
-12
-16
-16
-15
-16
-14
-11
-7
-6
-6
-8
-11
-13
-15
-15
-16
-16
-12
-12
-13
-15
-17
-14
-11
-4
7
14
20
26
30
33
38
44
47
47
45
42
40
38
38
39
39
39
38
37
37
36
34
30
28
24
19
13
6
1
1
4
6
7
6
1
-3
-7
-8
-10
-10
-9
-7
-6
-9
-18
-24
-30
-32
-33
-34
-36
-37
-37
-37
-41
-41
-40
-36
-31
-26
-24
-26
-30
-33
-34
-36
-40
-44
-45
-44
-39
-32
-26
-19
-13
-12
-13
-15
-17
-19
-17
-13
-12
-11
-10
-8
-6
-3
-3
-4
-2
4
10
15
21
25
26
25
21
16
11
6
3
1
3
6
8
8
8
11
15
18
18
18
19
17
16
10
6
6
7
10
12
15
14
14
13
10
12
13
16
16
17
18
17
14
11
8
9
10
12
15
17
18
16
12
11
12
14
15
16
15
15
14
15
16
13
7
4
2
1
0
-2
-3
-3
-5
-7
-6
-6
-4
-4
-5
-8
-13
-18
-18
-17
-13
-10
-8
-7
-9
-11
-15
-15
-14
-14
-15
-16
-18
-18
-15
-10
-9
-13
-16
-21
-21
-20
-17
-15
-15
-18
-18
-19
-17
-16
-14
-14
-13
-10
-9
-8
-10
-11
-14
-20
-23
-26
-26
-26
-26
-23
-19
-15
-13
-12
-13
-15
-15
-16
-18
-17
-16
-13
-11
-11
-10
-10
-14
-15
-16
-17
-16
-16
-20
-25
-30
-32
-34
-34
-33
-31
-26
-23
-21
-21
-25
-29
-33
-33
-30
-24
-19
-17
-19
-20
-20
-18
-18
-15
-13
-6
3
9
14
15
17
18
18
20
20
16
16
15
18
20
23
26
29
36
42
45
39
33
29
25
21
15
7
2
-3
-3
1
3
5
4
3
2
0
-3
-6
-12
-16
-22
-25
-27
-25
-19
-15
-12
-7
-4
-2
0
3
5
6
4
7
11
14
16
15
11
8
7
7
8
9
12
13
10
7
4
-2
-8
-11
-10
-7
-3
2
2
2
0
-5
-9
-10
-12
-14
-14
-14
-16
-18
-20
-22
-24
-21
-20
-21
-25
-30
-35
-37
-35
-32
-32
-33
-33
-31
-32
-33
-33
-28
-24
-22
-23
-27
-30
-33
-34
-33
-31
-28
-25
-20
-18
-14
-11
-10
-13
-15
-17
-16
-13
-10
-8
-5
-2
0
4
8
10
11
12
14
17
20
21
23
23
24
24
23
21
23
25
30
33
32
32
33
35
35
36
37
38
37
34
25
19
13
11
11
11
12
14
19
21
23
24
22
21
19
18
14
10
7
9
11
12
11
12
14
14
14
11
10
12
14
17
18
16
9
4
-1
-3
-5
-6
-7
-6
-7
-7
-5
-6
-5
-4
-3
-1
-2
-6
-11
-14
-17
-21
-26
-27
-27
-27
-25
-26
-24
-19
-14
-9
-5
-4
-5
-5
-5
-4
-2
1
4
6
7
9
9
10
11
12
14
15
14
13
12
11
9
7
8
8
7
5
1
0
-1
-4
-6
-10
-13
-14
-15
-15
-15
-14
-13
-14
-14
-13
-13
-11
-9
-6
-4
-5
-3
0
0
-3
-6
-6
-6
-10
-11
-12
-10
-7
-5
-5
-9
-13
-15
-16
-15
-15
-15
-11
-9
-4
-1
1
2
3
5
5
5
3
2
1
0
1
0
2
3
4
6
9
11
13
12
11
10
12
15
15
15
15
14
13
16
22
29
34
35
34
31
30
26
25
25
23
23
24
26
26
25
23
21
21
19
18
14
13
13
11
9
7
6
8
8
7
5
4
3
2
0
-3
-5
-6
-8
-7
-5
-3
-1
-3
-4
-8
-10
-9
-6
-4
1
4
5
5
2
-2
-5
-7
-5
-4
-3
-4
-5
-9
-11
-14
-19
-22
-21
-24
-20
-16
-12
-7
-7
-9
-9
-8
-5
0
1
2
2
4
8
11
13
15
21
26
28
27
25
21
17
14
12
14
18
26
31
35
36
37
38
37
35
33
31
26
23
18
13
12
12
13
17
20
21
19
16
14
13
13
12
11
9
8
6
2
-2
-4
-2
1
4
3
2
-3
-5
-9
-8
-8
-5
0
4
8
11
10
6
1
-5
-10
-14
-17
-19
-20
-20
-17
-14
-11
-10
-13
-16
-20
-21
-25
-30
-36
-42
-44
-46
-46
-43
-39
-35
-30
-24
-19
-15
-15
-15
-18
-22
-21
-19
-14
-9
-5
-7
-11
-15
-20
-19
-16
-11
-4
2
8
11
14
15
16
14
14
17
19
23
25
25
27
28
29
28
25
22
22
25
25
23
22
23
24
22
19
18
17
20
21
24
25
28
29
29
29
29
25
21
19
17
16
15
15
10
8
6
4
3
1
-1
-2
-4
-6
-8
-9
-12
-17
-20
-21
-24
-24
-23
-21
-21
-20
-19
-18
-14
-11
-9
-6
-5
-3
0
3
4
5
6
5
2
3
2
0
1
-1
0
0
2
8
13
16
18
17
15
16
17
18
14
10
6
-1
-8
-12
-15
-16
-17
-15
-13
-12
-12
-10
-6
-3
-5
-11
-17
-24
-30
-33
-30
-25
-18
-9
-1
5
5
2
-4
-10
-14
-16
-16
-13
-13
-12
-9
-7
-6
-7
-8
-10
-13
-16
-19
-22
-25
-24
-27
-27
-24
-19
-15
-11
-6
-3
1
5
10
15
15
12
11
13
15
18
25
27
28
27
24
21
19
16
15
15
15
14
16
16
16
14
12
10
10
9
8
8
8
9
9
8
8
7
7
8
9
11
14
16
15
13
8
1
-3
-5
-2
3
7
9
12
13
14
13
12
11
10
6
1
-2
-4
-5
-5
-5
-6
-8
-9
-9
-7
-10
-13
-17
-20
-22
-22
-23
-20
-19
-16
-13
-12
-11
-11
-12
-11
-10
-9
-6
-6
-6
-5
-5
-3
-3
-3
0
3
5
7
8
10
11
8
6
4
3
1
-1
0
2
4
4
2
2
1
-3
-6
-9
-9
-8
-4
-4
-5
-8
-11
-14
-21
-25
-29
-32
-32
-33
-33
-31
-29
-27
-28
-29
-32
-34
-34
-33
-29
-24
-21
-17
-13
-9
-8
-5
-1
2
1
-4
-9
-12
-15
-13
-10
-12
-12
-12
-12
-11
-9
-7
-7
-9
-13
-15
-14
-12
-11
-10
-10
-8
-8
-7
-8
-9
-8
-7
-6
-7
-6
-5
-1
3
6
5
8
9
7
3
-1
-4
-4
-5
-4
-4
-1
4
10
11
6
2
-1
-5
-6
-4
-3
-4
-6
-5
-4
-3
-2
-3
-8
-15
-20
-23
-24
-24
-26
-28
-28
-29
-29
-30
-30
-28
-25
-23
-20
-17
-15
-14
-14
-15
-14
-16
-19
-22
-26
-26
-30
-29
-26
-23
-22
-23
-24
-24
-22
-17
-15
-13
-10
-9
-7
-3
0
2
5
8
10
9
7
5
4
5
7
7
9
10
10
8
6
6
7
9
13
16
15
16
16
14
13
10
7
6
7
9
10
10
13
14
11
8
7
9
12
18
21
24
27
26
23
21
22
20
20
19
20
18
19
18
18
17
15
14
15
14
15
13
12
8
3
-4
-9
-12
-13
-16
-17
-18
-19
-19
-22
-24
-27
-27
-24
-19
-17
-17
-18
-18
-16
-14
-14
-12
-10
-9
-8
-8
-8
-6
-3
0
2
3
5
4
5
7
10
9
5
4
5
8
13
21
25
30
33
36
39
39
40
41
39
35
31
25
21
21
21
19
17
13
13
14
13
9
2
0
-1
1
2
0
-2
-3
-3
-2
-2
1
3
4
7
10
10
12
14
15
14
14
16
19
19
16
11
9
9
11
11
10
10
10
7
5
2
2
3
5
5
3
1
0
0
-2
-6
-10
-15
-14
-12
-9
-7
-6
-6
-7
-6
-2
2
3
4
3
1
-1
-1
-1
-3
-5
-5
-3
2
6
7
8
10
11
10
10
8
8
8
7
8
11
12
12
10
7
5
2
-2
-5
-6
-5
-6
-4
0
3
4
7
7
6
6
4
3
2
1
1
3
5
6
10
12
14
12
10
8
8
7
5
3
1
0
1
2
1
-2
-6
-9
-10
-11
-9
-11
-12
-13
-15
-16
-18
-18
-18
-18
-15
-12
-8
-5
-4
-6
-4
-2
-1
1
1
3
5
5
6
7
7
5
4
4
4
4
5
6
6
6
3
3
2
4
8
12
14
16
14
12
9
11
14
16
18
22
22
21
22
24
29
30
32
31
34
35
35
36
38
39
40
42
37
30
21
14
12
13
15
14
13
10
12
13
13
13
10
7
1
-3
-8
-12
-13
-15
-17
-17
-19
-21
-24
-24
-23
-19
-18
-17
-19
-18
-16
-11
-9
-7
-7
-9
-8
-5
-2
0
3
7
7
5
4
2
1
0
0
1
1
0
0
-2
-5
-6
-7
-5
-5
-4
-2
1
2
6
9
8
8
8
9
11
13
12
14
14
17
20
21
21
21
17
13
8
4
0
-4
-8
-10
-12
-10
-5
-1
0
-1
-2
-1
0
-1
-1
-2
-3
-3
-2
-6
-10
-15
-18
-20
-22
-22
-25
-29
-28
-26
-24
-23
-21
-20
-17
-14
-14
-16
-18
-21
-22
-26
-27
-26
-27
-26
-24
-21
-20
-19
-19
-16
-13
-8
-3
0
1
0
-4
-9
-11
-11
-7
2
7
9
10
10
10
10
9
7
4
0
-3
-8
-11
-9
-5
-2
2
3
5
6
9
9
7
3
0
0
1
1
1
-1
-2
1
4
4
3
1
-2
-4
-6
-6
-9
-11
-11
-10
-5
-1
2
5
4
-2
-12
-22
-30
-36
-40
-43
-42
-38
-32
-23
-17
-16
-15
-18
-23
-24
-23
-23
-21
-19
-18
-12
-8
-6
-7
-9
-16
-20
-19
-18
-13
-11
-9
-7
-4
-1
1
1
2
4
1
0
-2
-3
-2
-3
-4
-4
-4
-2
-1
3
5
5
2
0
2
3
5
7
6
6
6
5
5
6
8
12
12
10
5
7
7
9
10
7
4
4
6
6
8
7
6
3
-2
-7
-11
-12
-15
-18
-22
-28
-29
-27
-24
-23
-23
-25
-26
-23
-20
-17
-16
-16
-16
-14
-11
-9
-7
-7
-7
-6
-2
0
-2
-5
-9
-15
-17
-18
-18
-17
-13
-10
-12
-14
-16
-13
-12
-11
-13
-11
-10
-7
-4
0
0
-2
-3
-3
1
8
13
19
22
23
24
25
26
29
35
43
51
55
57
57
57
56
58
61
64
64
62
60
59
57
53
51
48
43
42
44
46
47
44
40
33
29
28
29
31
33
33
32
32
32
30
29
26
23
24
27
27
27
25
25
25
25
23
21
21
21
24
27
30
32
30
28
25
22
20
18
14
9
3
-2
-3
2
6
10
15
15
16
18
19
18
16
14
11
11
9
10
10
12
14
16
18
19
21
21
23
21
17
15
11
9
8
8
7
10
13
17
16
13
9
3
-1
-6
-9
-10
-10
-9
-11
-15
-16
-16
-16
-16
-15
-14
-12
-10
-9
-6
-4
-4
-6
-5
-5
-3
-2
-2
-4
-6
-6
-3
2
7
10
9
8
6
4
5
5
7
9
11
15
18
20
18
14
10
8
9
16
23
27
30
29
26
24
23
26
26
27
26
25
23
23
21
19
17
13
9
7
5
3
2
3
6
8
7
4
4
2
5
2
-2
-7
-11
-10
-8
-4
-3
-4
-4
-3
-5
-9
-14
-17
-18
-17
-17
-18
-22
-29
-33
-35
-35
-38
-41
-45
-49
-51
-50
-51
-48
-47
-46
-46
-50
-51
-51
-52
-55
-56
-60
-61
-59
-59
-58
-55
-55
-54
-51
-45
-41
-37
-33
-33
-34
-36
-37
-39
-39
-40
-39
-39
-39
-39
-40
-41
-39
-38
-35
-32
-31
-33
-34
-34
-32
-30
-29
-29
-30
-32
-31
-29
-24
-18
-11
-5
-3
-3
-4
-3
-3
-2
-3
-6
-8
-12
-12
-10
-9
-10
-11
-15
-16
-19
-19
-17
-18
-19
-20
-24
-25
-25
-24
-19
-15
-12
-10
-10
-10
-10
-9
-9
-11
-11
-11
-11
-10
-11
-10
-6
-2
1
4
5
7
6
4
3
2
2
2
2
5
9
11
13
16
18
19
20
17
15
12
11
12
15
18
18
18
18
16
13
8
5
5
5
5
1
-4
-7
-6
-6
-9
-11
-15
-16
-18
-19
-20
-22
-24
-25
-25
-25
-21
-18
-18
-20
-21
-24
-27
-28
-25
-21
-20
-22
-25
-26
-24
-20
-17
-11
-7
-6
-4
0
1
2
3
4
5
7
6
8
9
12
13
11
6
0
-6
-9
-9
-6
-2
1
3
5
9
11
15
17
18
18
19
16
14
14
16
22
26
29
30
34
37
37
36
33
31
25
23
21
20
19
20
21
20
17
15
13
14
17
18
17
16
16
16
16
14
13
14
16
15
15
16
15
9
5
3
2
4
3
2
0
1
3
5
5
3
1
1
2
-1
-3
-3
0
4
6
8
8
6
5
4
1
-2
-3
-5
-8
-11
-11
-10
-8
-8
-8
-5
-3
-4
-9
-10
-13
-16
-16
-16
-18
-18
-17
-16
-17
-17
-17
-20
-21
-22
-23
-26
-26
-26
-24
-20
-16
-13
-11
-11
-11
-13
-13
-10
-7
-4
0
3
7
9
10
11
13
13
14
12
9
7
7
7
7
7
7
6
5
4
6
6
4
1
-1
-4
-6
-7
-8
-5
-3
-3
-3
-3
-4
-5
-8
-11
-13
-14
-14
-16
-21
-28
-34
-35
-36
-35
-34
-35
-39
-42
-45
-48
-50
-53
-58
-63
-66
-66
-62
-58
-54
-51
-52
-55
-58
-60
-60
-59
-57
-58
-57
-55
-54
-52
-52
-52
-53
-52
-53
-56
-58
-60
-65
-69
-69
-66
-63
-61
-57
-55
-53
-55
-55
-54
-55
-55
-55
-54
-54
-54
-52
-50
-48
-48
-50
-53
-59
-64
-69
-73
-78
-79
-78
-75
-73
-70
-71
-72
-74
-79
-82
-83
-83
-83
-82
-84
-86
-88
-90
-89
-88
-86
-86
-88
-93
-97
-100
-100
-104
-105
-103
-101
-100
-98
-97
-95
-94
-93
-92
-92
-92
-95
-100
-103
-102
-98
-93
-88
-83
-78
-73
-71
-68
-65
-63
-61
-56
-52
-50
-44
-38
-30
-18
-8
1
4
4
1
1
3
5
6
7
6
6
7
9
14
17
22
28
32
34
34
32
29
28
29
32
37
44
47
50
53
55
61
68
76
83
88
92
95
100
104
111
118
123
128
134
139
144
147
147
144
142
141
141
139
138
135
134
134
135
137
139
138
139
141
144
147
151
153
154
157
160
165
169
177
185
190
194
198
202
207
213
215
217
221
225
230
236
239
238
235
232
232
233
235
236
237
238
239
245
251
254
255
256
256
257
259
265
270
272
272
272
274
278
281
283
285
286
289
292
298
300
304
306
305
304
302
300
298
297
297
294
294
292
290
287
282
277
270
263
261
257
254
252
251
249
244
238
231
226
226
228
232
233
230
227
225
224
224
222
220
220
221
224
224
222
217
210
204
197
194
190
188
185
182
178
177
177
180
181
181
176
169
162
157
153
153
153
154
156
156
155
155
153
148
140
133
127
124
126
127
128
127
126
125
126
127
124
122
118
114
113
110
106
103
103
106
108
106
106
105
105
103
101
95
91
87
82
77
77
76
78
80
80
80
81
82
83
86
86
83
79
75
69
66
67
68
72
78
81
80
79
78
80
81
81
80
78
76
74
73
73
73
74
73
74
76
79
80
81
79
78
76
72
72
74
79
81
83
83
81
78
77
77
77
71
67
64
66
67
67
69
72
73
73
73
73
73
75
75
73
70
67
68
70
72
69
65
62
59
58
56
53
48
44
42
43
40
38
38
41
43
44
42
39
34
30
28
25
24
23
20
16
13
12
12
10
8
5
3
-1
-4
-6
-4
-2
0
1
2
6
12
17
19
18
16
16
16
16
20
24
27
33
38
44
49
53
53
52
50
47
47
45
43
45
44
41
34
27
22
18
16
17
22
26
29
30
30
29
29
26
21
20
22
25
29
31
32
32
30
28
26
28
30
32
31
29
24
21
22
23
23
21
19
18
18
20
25
30
28
27
27
27
28
25
23
22
22
24
21
17
12
9
5
1
-4
-8
-13
-14
-17
-21
-22
-24
-27
-29
-30
-31
-32
-34
-39
-43
-47
-52
-58
-60
-59
-56
-51
-50
-50
-50
-52
-49
-49
-52
-56
-67
-74
-79
-80
-78
-75
-71
-68
-68
-66
-62
-59
-61
-66
-71
-76
-79
-80
-79
-79
-78
-74
-72
-68
-64
-61
-59
-57
-57
-58
-57
-55
-53
-52
-51
-49
-45
-41
-40
-38
-39
-39
-40
-39
-38
-38
-40
-44
-49
-54
-56
-54
-51
-50
-51
-49
-47
-42
-36
-32
-29
-31
-31
-31
-28
-25
-23
-19
-16
-12
-4
5
14
21
26
26
25
23
24
26
26
28
31
33
35
37
37
36
33
32
31
35
41
42
40
37
31
27
28
31
36
39
40
36
32
28
25
19
16
12
8
7
9
11
13
15
16
19
20
20
22
24
24
26
25
23
21
17
17
19
23
27
27
27
27
28
28
25
21
14
11
8
8
7
5
4
2
0
0
-1
1
4
9
12
11
8
6
5
2
1
4
6
7
7
4
0
-1
-2
-2
-4
-6
-8
-10
-14
-18
-23
-28
-31
-33
-32
-32
-34
-32
-29
-26
-24
-22
-19
-16
-12
-10
-8
-10
-14
-16
-17
-19
-16
-14
-10
-7
-5
-3
-1
0
-1
-2
-6
-9
-13
-14
-16
-16
-13
-11
-8
-11
-16
-21
-24
-26
-30
-32
-36
-38
-39
-39
-38
-38
-40
-40
-43
-45
-44
-45
-47
-50
-54
-55
-56
-54
-51
-48
-48
-45
-42
-39
-35
-33
-32
-33
-37
-40
-43
-42
-41
-41
-35
-30
-24
-23
-25
-30
-37
-43
-47
-49
-51
-52
-54
-54
-56
-56
-57
-58
-57
-57
-58
-59
-60
-59
-57
-55
-53
-56
-61
-66
-72
-78
-82
-86
-88
-90
-89
-88
-87
-84
-85
-85
-87
-90
-91
-94
-98
-99
-102
-103
-104
-105
-105
-106
-106
-105
-103
-102
-102
-99
-99
-101
-105
-108
-111
-111
-112
-111
-112
-111
-109
-109
-111
-114
-116
-118
-118
-120
-121
-121
-117
-114
-111
-108
-107
-109
-110
-109
-106
-101
-96
-91
-88
-85
-83
-81
-77
-76
-75
-73
-71
-68
-64
-62
-59
-55
-52
-48
-44
-39
-32
-26
-21
-16
-15
-17
-17
-17
-18
-17
-16
-15
-12
-11
-10
-7
-3
-1
1
1
3
8
12
17
17
18
22
26
28
30
27
24
22
23
26
27
29
28
32
36
41
48
57
67
76
82
84
85
88
91
91
92
93
97
103
110
116
122
128
131
133
133
133
135
137
138
138
137
140
144
146
146
148
150
148
146
144
142
142
142
141
140
140
136
134
135
137
141
146
149
150
153
154
154
154
151
146
141
135
131
127
123
121
118
115
113
110
108
104
98
92
84
76
66
59
50
43
39
33
27
21
14
9
3
-4
-15
-26
-36
-46
-52
-60
-67
-73
-77
-84
-90
-98
-106
-110
-115
-121
-127
-133
-138
-142
-144
-143
-148
-155
-163
-169
-173
-175
-175
-177
-178
-181
-183
-186
-190
-188
-187
-187
-185
-184
-182
-179
-177
-172
-171
-172
-172
-171
-168
-163
-159
-155
-153
-152
-151
-152
-150
-144
-138
-134
-133
-135
-137
-136
-134
-130
-125
-121
-116
-110
-101
-90
-80
-70
-61
-54
-48
-45
-41
-33
-26
-22
-16
-9
1
12
20
29
38
44
51
56
63
68
72
75
75
73
72
72
76
83
91
100
108
115
125
134
142
146
148
145
144
147
152
158
162
165
168
172
178
185
191
192
191
189
188
192
196
200
205
210
216
220
221
218
214
210
208
208
209
212
214
216
217
218
217
213
210
208
208
210
211
214
215
217
219
217
214
208
200
194
183
176
172
170
169
170
169
165
159
153
146
141
136
130
126
121
115
109
106
103
98
91
84
80
78
76
75
69
63
57
52
47
43
37
29
24
23
24
26
25
24
23
22
21
18
15
14
13
15
14
15
15
14
16
17
19
20
20
18
12
6
3
4
6
10
14
18
19
19
17
16
13
9
8
9
8
11
15
20
21
17
14
13
11
10
10
13
14
12
11
9
7
5
2
-1
-4
-5
-11
-19
-26
-34
-38
-43
-48
-53
-57
-61
-65
-72
-83
-98
-112
-122
-133
-141
-145
-146
-148
-149
-149
-148
-152
-159
-171
-183
-193
-202
-210
-217
-223
-229
-236
-239
-245
-247
-248
-252
-258
-266
-276
-287
-299
-307
-319
-328
-337
-342
-344
-343
-344
-347
-352
-359
-368
-377
-385
-392
-397
-401
-404
-407
-408
-409
-409
-407
-406
-408
-414
-419
-425
-428
-427
-426
-423
-420
-416
-410
-405
-399
-396
-392
-388
-385
-384
-383
-383
-384
-382
-379
-373
-366
-360
-356
-353
-352
-350
-350
-348
-344
-338
-331
-323
-314
-305
-297
-286
-280
-276
-274
-273
-272
-266
-260
-256
-247
-236
-222
-205
-190
-176
-166
-160
-157
-152
-146
-140
-131
-124
-114
-102
-89
-78
-68
-60
-50
-42
-30
-19
-10
-2
6
12
21
29
39
48
58
69
78
85
92
98
108
118
123
127
130
136
144
153
161
166
171
174
178
182
186
188
192
200
207
213
220
227
237
244
251
256
259
264
266
269
273
276
278
280
283
289
295
300
305
305
307
306
303
299
293
289
288
290
295
299
300
304
303
302
301
298
290
285
284
281
279
277
275
272
271
270
269
267
266
268
272
274
277
280
281
284
285
288
290
292
294
297
297
297
296
294
293
294
293
294
296
301
304
305
307
305
300
297
294
293
292
292
293
294
296
295
293
291
284
278
273
269
268
266
265
265
262
259
254
248
242
237
232
228
223
216
207
200
196
194
195
193
193
191
190
190
188
187
188
189
188
184
179
177
173
169
164
159
154
148
142
136
129
125
121
117
113
106
101
97
94
91
87
81
74
69
67
64
61
60
61
61
61
59
53
47
39
32
25
24
22
21
20
18
16
11
3
-4
-14
-19
-23
-24
-24
-24
-26
-32
-38
-44
-52
-60
-63
-67
-66
-67
-67
-66
-67
-66
-64
-62
-62
-64
-66
-70
-71
-72
-73
-75
-77
-81
-82
-84
-88
-88
-85
-84
-78
-78
-77
-76
-75
-69
-66
-63
-62
-63
-61
-61
-61
-63
-65
-64
-65
-65
-63
-61
-60
-57
-52
-47
-43
-44
-46
-46
-48
-51
-53
-54
-52
-48
-46
-46
-47
-52
-55
-53
-50
-47
-45
-42
-41
-40
-42
-43
-45
-45
-44
-43
-43
-40
-38
-33
-31
-30
-29
-28
-27
-26
-22
-20
-20
-19
-20
-19
-20
-20
-21
-20
-19
-17
-16
-15
-18
-18
-20
-21
-20
-19
-17
-17
-17
-17
-14
-11
-8
-6
-6
-4
-2
-3
-7
-12
-16
-20
-26
-32
-36
-37
-36
-33
-30
-29
-30
-32
-35
-38
-42
-47
-49
-52
-54
-55
-53
-50
-45
-40
-36
-35
-38
-42
-46
-51
-59
-65
-69
-73
-76
-78
-78
-79
-78
-76
-75
-76
-77
-80
-82
-84
-84
-85
-86
-86
-88
-89
-90
-91
-90
-89
-89
-90
-95
-99
-104
-107
-111
-111
-110
-110
-108
-107
-105
-106
-110
-112
-115
-114
-111
-109
-106
-104
-102
-101
-100
-98
-97
-96
-93
-93
-93
-93
-94
-94
-94
-91
-92
-92
-92
-95
-96
-96
-98
-100
-106
-114
-122
-125
-126
-122
-119
-118
-118
-118
-118
-116
-114
-113
-112
-109
-103
-96
-89
-81
-73
-67
-60
-56
-51
-47
-44
-40
-40
-39
-38
-39
-40
-39
-36
-33
-31
-28
-25
-21
-17
-13
-9
-3
2
6
12
16
19
20
21
25
31
37
43
52
60
66
69
72
73
73
73
72
71
72
72
71
71
74
80
85
86
87
89
92
95
97
99
101
101
107
114
121
127
131
132
132
129
129
129
130
131
133
134
134
132
129
130
132
134
138
139
141
145
146
148
147
146
145
145
145
149
152
152
148
147
146
147
148
148
146
145
145
146
148
152
156
159
163
167
169
171
173
176
175
173
171
174
178
182
185
184
181
181
180
182
185
188
189
188
184
183
182
179
179
176
174
171
170
169
168
164
159
155
151
148
147
146
142
139
137
138
137
137
138
138
138
133
126
119
113
108
105
102
98
95
89
85
83
82
79
75
68
61
55
51
48
46
44
42
37
32
30
31
34
36
37
40
39
39
37
35
34
33
32
31
31
30
29
26
25
22
23
25
25
21
17
15
15
16
15
15
12
11
10
11
13
15
20
22
24
24
23
24
25
25
23
20
18
18
21
27
30
37
42
45
49
54
58
61
63
63
63
62
62
62
63
63
60
57
55
58
57
52
47
42
41
40
39
38
37
35
37
38
39
38
37
35
34
39
44
50
54
57
63
68
72
75
76
76
75
74
78
84
92
101
105
107
104
98
94
90
87
90
91
95
97
98
98
100
102
103
104
102
97
93
91
94
98
100
103
103
106
107
109
110
115
117
116
114
109
106
104
103
103
103
103
103
106
105
105
104
99
96
95
92
90
88
85
84
80
73
66
60
52
50
47
47
48
47
45
41
38
33
29
26
24
24
25
24
22
19
12
7
2
-2
-5
-9
-12
-15
-22
-30
-35
-39
-42
-47
-48
-51
-55
-56
-58
-61
-64
-69
-74
-79
-86
-90
-91
-91
-92
-93
-93
-93
-92
-94
-94
-95
-94
-94
-94
-97
-102
-110
-118
-125
-130
-136
-137
-138
-138
-137
-139
-138
-135
-135
-136
-135
-136
-138
-143
-146
-148
-149
-149
-151
-152
-155
-156
-161
-160
-162
-165
-167
-172
-174
-177
-180
-180
-183
-186
-190
-196
-202
-204
-207
-205
-204
-203
-204
-203
-202
-202
-198
-196
-193
-191
-191
-189
-187
-186
-184
-184
-184
-182
-179
-177
-175
-173
-170
-168
-170
-169
-170
-171
-169
-169
-168
-166
-164
-162
-160
-159
-158
-157
-156
-155
-155
-153
-149
-144
-141
-138
-137
-135
-131
-126
-123
-121
-119
-117
-117
-117
-116
-116
-114
-112
-108
-107
-105
-102
-100
-100
-100
-101
-102
-101
-99
-97
-96
-96
-97
-98
-97
-99
-99
-101
-104
-107
-111
-113
-112
-110
-109
-109
-110
-111
-111
-110
-109
-108
-107
-107
-108
-109
-108
-107
-104
-100
-98
-99
-100
-102
-103
-102
-100
-98
-95
-92
-89
-89
-91
-97
-102
-104
-105
-103
-99
-96
-96
-96
-98
-97
-96
-95
-96
-99
-103
-109
-114
-114
-113
-112
-109
-105
-102
-100
-99
-98
-96
-94
-93
-92
-91
-89
-86
-82
-76
-76
-77
-77
-77
-75
-75
-78
-84
-91
-96
-101
-101
-100
-94
-89
-86
-84
-82
-82
-82
-82
-84
-87
-88
-88
-85
-84
-83
-83
-82
-81
-78
-73
-69
-66
-65
-64
-63
-62
-59
-58
-60
-60
-64
-64
-65
-66
-67
-64
-61
-63
-66
-68
-72
-75
-74
-72
-71
-69
-68
-67
-64
-62
-65
-71
-78
-84
-87
-91
-94
-95
-99
-100
-100
-103
-104
-99
-92
-85
-84
-85
-90
-98
-108
-114
-114
-111
-105
-98
-93
-90
-88
-89
-92
-92
-94
-94
-95
-95
-94
-93
-92
-91
-89
-84
-80
-76
-71
-67
-65
-66
-69
-73
-75
-77
-78
-75
-72
-68
-68
-72
-74
-74
-73
-75
-77
-77
-77
-76
-74
-71
-70
-68
-68
-65
-64
-61
-56
-53
-50
-46
-42
-38
-38
-37
-33
-27
-25
-24
-27
-32
-34
-36
-37
-37
-38
-38
-37
-35
-34
-32
-30
-29
-30
-32
-35
-36
-36
-35
-33
-33
-31
-25
-18
-10
-1
4
9
10
6
4
3
4
8
11
12
15
19
23
26
27
27
25
24
20
17
17
18
18
15
10
10
12
17
21
24
27
29
31
29
28
25
24
27
32
35
38
40
43
47
53
59
63
66
68
68
70
73
79
82
83
86
87
86
87
86
83
78
76
77
79
82
82
80
78
74
72
70
71
73
74
74
72
72
72
72
72
70
69
66
65
64
65
67
69
67
67
63
59
60
59
59
55
55
55
56
54
54
51
49
48
47
45
43
42
43
46
48
51
51
52
55
57
60
61
62
63
62
62
61
62
64
67
66
65
64
64
65
66
70
74
78
79
79
80
78
78
80
80
78
74
68
63
62
59
55
54
54
54
54
52
50
50
47
42
38
35
33
34
31
32
32
31
29
26
25
24
21
19
17
18
19
22
25
29
31
31
31
32
32
33
34
31
28
28
28
29
32
31
30
26
22
19
19
19
20
19
17
14
11
9
6
4
4
4
4
5
5
8
9
10
7
5
3
3
8
13
19
23
25
25
27
28
30
33
35
36
33
29
24
22
22
23
26
27
28
28
27
28
28
28
23
18
15
14
15
17
17
18
19
19
19
17
15
11
9
11
12
12
15
19
20
18
15
14
15
15
17
15
16
13
11
8
5
4
4
4
8
11
16
19
22
23
21
15
11
9
7
7
8
11
13
11
7
2
-1
-5
-7
-8
-5
-4
-2
0
0
1
1
1
0
1
2
5
7
11
14
13
13
11
11
9
9
6
5
7
11
18
27
30
29
24
18
14
13
14
15
17
17
14
13
12
13
13
14
13
14
14
14
13
11
10
10
9
10
10
7
6
10
11
16
23
29
32
32
29
27
28
32
36
40
41
40
37
33
28
24
20
20
23
23
21
17
14
11
7
4
0
1
2
5
9
9
8
4
2
-1
-2
-3
-4
-4
-3
-4
-7
-10
-13
-11
-10
-8
-8
-11
-16
-19
-21
-24
-23
-21
-18
-17
-16
-16
-17
-19
-22
-25
-26
-28
-30
-34
-37
-40
-41
-38
-39
-38
-41
-43
-43
-43
-42
-41
-42
-47
-50
-55
-57
-60
-62
-61
-61
-60
-63
-65
-66
-65
-65
-65
-64
-62
-59
-58
-55
-54
-53
-51
-50
-50
-51
-53
-55
-56
-58
-59
-57
-56
-53
-51
-48
-47
-47
-48
-50
-53
-53
-51
-46
-43
-42
-43
-43
-43
-43
-42
-43
-45
-48
-54
-60
-63
-67
-71
-77
-84
-88
-90
-87
-84
-83
-85
-87
-90
-89
-88
-87
-84
-79
-77
-75
-76
-76
-75
-71
-66
-62
-62
-63
-61
-61
-58
-55
-53
-50
-44
-36
-30
-27
-24
-24
-24
-26
-30
-33
-34
-30
-25
-19
-15
-13
-11
-10
-11
-11
-11
-11
-12
-12
-11
-11
-12
-15
-17
-21
-23
-22
-23
-22
-23
-23
-23
-24
-26
-24
-20
-15
-10
-7
-4
-1
2
2
1
-3
-6
-12
-14
-14
-13
-12
-13
-16
-21
-27
-34
-38
-37
-35
-31
-28
-22
-16
-10
-7
-6
-5
-5
-7
-6
-5
-8
-11
-14
-16
-17
-15
-13
-10
-8
-10
-11
-11
-8
-4
-2
4
7
8
9
6
4
6
9
10
10
11
13
13
11
9
6
3
2
-1
-3
-4
-7
-6
-4
-1
1
3
-1
-3
-7
-9
-12
-18
-22
-25
-23
-22
-21
-20
-20
-21
-22
-23
-21
-18
-16
-12
-8
-7
-8
-11
-17
-18
-19
-17
-14
-11
-10
-11
-13
-14
-13
-13
-12
-12
-9
-5
-2
1
4
3
1
-2
-3
-3
-4
-5
-6
-8
-9
-9
-2
2
7
10
12
11
11
8
4
-1
-5
-6
-4
-2
1
6
12
16
19
19
17
18
18
18
17
14
12
11
11
9
7
4
-2
-3
-2
2
5
6
6
4
5
9
12
13
11
6
3
-1
-6
-10
-17
-21
-23
-23
-19
-15
-10
-8
-10
-13
-15
-19
-24
-29
-36
-41
-41
-40
-37
-35
-32
-29
-25
-23
-22
-22
-21
-23
-24
-27
-28
-28
-25
-20
-14
-8
-3
0
5
6
4
4
0
-3
-7
-10
-12
-10
-7
-4
1
4
5
6
6
6
4
0
-2
-4
-6
-5
-5
-6
-6
-7
-10
-13
-14
-16
-19
-21
-19
-16
-13
-12
-13
-14
-9
-6
-3
0
0
-2
-2
-1
2
1
-2
-5
-6
-6
-4
-2
-2
-3
-5
-9
-13
-16
-17
-16
-12
-8
0
7
13
17
22
24
23
21
17
13
11
12
15
20
25
25
24
22
20
17
12
10
7
7
7
6
6
6
2
2
5
9
15
19
23
21
20
16
14
12
12
13
16
22
28
35
38
41
43
41
39
33
29
24
19
19
21
25
29
30
31
31
33
35
39
38
35
29
25
21
20
20
22
25
29
30
31
32
33
34
33
27
22
20
16
16
16
18
21
24
27
29
27
24
20
16
17
20
23
24
24
25
28
31
32
35
36
36
31
27
25
23
23
24
24
23
21
20
19
17
15
13
16
18
23
24
22
20
20
21
21
21
23
23
23
24
26
29
31
32
32
31
31
32
33
33
34
32
30
27
22
16
12
8
6
4
4
3
2
2
-2
-3
-5
-6
-8
-8
-11
-10
-11
-13
-18
-23
-27
-28
-28
-25
-25
-25
-24
-24
-22
-19
-17
-19
-18
-21
-23
-27
-29
-29
-28
-26
-23
-21
-19
-18
-16
-17
-19
-23
-26
-26
-25
-24
-25
-27
-29
-30
-26
-22
-19
-16
-14
-13
-11
-8
-7
-5
-1
4
8
8
13
18
21
21
21
19
18
18
20
22
19
15
12
10
10
11
12
16
15
12
11
13
16
19
21
22
22
20
19
18
19
22
26
28
31
31
29
30
33
34
34
31
26
23
20
19
21
25
27
31
33
35
35
35
34
35
33
32
31
31
33
33
33
31
28
24
18
14
11
9
8
7
7
9
8
7
10
15
18
19
17
13
12
15
18
23
27
31
34
33
32
33
32
29
27
23
19
17
19
23
29
36
39
39
36
35
35
34
32
29
27
27
28
28
31
35
36
39
38
39
41
41
42
45
44
43
42
40
38
34
27
21
19
16
14
11
7
5
4
4
4
6
7
8
7
4
1
-3
-4
-3
-1
3
7
8
10
9
8
6
6
5
4
4
6
8
13
18
19
17
17
17
19
21
23
24
22
22
21
19
16
16
15
17
24
31
42
49
54
54
52
49
45
43
39
35
31
32
31
35
41
47
51
52
55
54
53
52
52
51
50
49
45
40
35
31
24
17
10
6
5
6
7
4
2
2
2
3
4
2
2
6
10
13
15
18
21
24
25
24
25
29
34
38
39
40
42
42
39
37
35
33
33
30
28
26
23
15
8
1
-3
-4
-4
-3
-1
2
3
6
6
4
2
3
1
-2
-4
-4
-3
2
3
8
14
19
21
18
16
15
17
18
18
15
13
12
13
15
18
18
18
17
16
16
17
19
21
24
27
25
22
21
20
17
15
14
14
15
18
23
28
36
42
44
45
44
43
43
43
44
44
46
46
43
40
39
40
43
48
50
52
54
58
61
63
62
58
52
47
46
44
45
46
47
46
45
46
47
49
46
44
42
38
37
34
32
31
28
28
26
21
17
15
16
18
20
20
16
13
11
10
8
8
9
12
17
19
20
21
21
22
22
23
22
21
21
19
17
15
11
6
3
1
-1
0
1
3
4
4
5
6
9
10
10
9
4
0
-4
-3
1
7
11
10
8
3
-3
-7
-7
-6
-6
-4
-5
-5
-4
-5
-3
-4
-6
-10
-12
-11
-11
-12
-15
-22
-28
-32
-37
-37
-40
-43
-44
-44
-44
-48
-50
-54
-57
-57
-58
-59
-57
-57
-56
-57
-61
-62
-62
-60
-58
-58
-60
-62
-64
-66
-65
-61
-59
-58
-58
-59
-58
-60
-65
-70
-73
-74
-75
-77
-81
-87
-91
-94
-96
-96
-94
-93
-91
-91
-91
-92
-92
-94
-95
-94
-92
-90
-89
-91
-92
-93
-94
-94
-93
-90
-86
-82
-79
-79
-82
-88
-94
-101
-105
-106
-105
-104
-103
-101
-99
-96
-93
-94
-93
-94
-95
-92
-88
-84
-82
-83
-81
-81
-82
-80
-76
-74
-72
-72
-73
-76
-77
-80
-85
-92
-99
-103
-105
-105
-104
-102
-99
-96
-92
-85
-80
-77
-77
-77
-77
-78
-78
-76
-79
-83
-91
-96
-96
-93
-89
-87
-85
-83
-82
-78
-75
-74
-75
-78
-81
-83
-82
-80
-77
-76
-80
-82
-81
-78
-73
-69
-66
-61
-58
-53
-48
-43
-39
-31
-27
-25
-23
-24
-27
-31
-33
-32
-28
-24
-20
-18
-18
-17
-16
-14
-13
-12
-12
-11
-11
-12
-11
-7
-1
2
5
6
7
6
8
12
12
13
10
4
0
-1
-1
1
6
13
20
25
32
31
29
28
27
25
22
20
18
17
19
19
21
22
23
23
24
24
23
25
29
33
32
30
27
29
30
29
30
31
29
27
26
24
24
25
28
32
36
38
40
45
51
55
56
53
49
47
46
48
53
58
61
61
59
57
57
58
57
57
58
58
56
55
54
54
56
61
61
56
50
42
37
36
38
40
42
48
51
51
49
48
49
50
49
46
47
45
42
38
35
34
31
31
31
30
29
28
27
26
25
22
16
11
8
8
11
13
14
13
12
15
18
19
18
13
7
1
-4
-9
-11
-10
-5
-2
0
3
6
10
13
15
18
19
21
21
19
15
9
9
13
18
21
24
24
23
19
13
5
0
-2
-1
1
4
10
17
20
22
20
15
11
6
5
3
4
4
4
5
2
-3
-8
-14
-21
-25
-27
-29
-30
-30
-28
-23
-22
-19
-21
-24
-24
-26
-26
-23
-20
-17
-16
-18
-20
-21
-18
-13
-10
-6
-7
-5
-5
-7
-8
-7
-4
-3
0
3
5
6
3
0
-4
-6
-8
-9
-9
-9
-11
-11
-11
-10
-7
-6
-6
-6
-7
-8
-8
-7
-6
-4
-4
-2
-1
0
0
1
-1
-6
-11
-17
-21
-17
-11
-4
3
4
3
0
-1
-2
-1
0
1
4
9
15
21
26
30
34
39
42
42
40
38
38
39
36
36
40
43
43
43
45
45
50
54
56
58
58
55
53
49
44
41
36
35
34
37
41
43
45
47
51
53
53
53
50
46
42
41
39
36
36
36
36
36
38
40
43
47
49
51
53
51
49
45
41
36
32
29
27
25
21
15
10
5
3
1
3
5
6
4
2
0
-4
-6
-8
-11
-12
-13
-14
-16
-14
-11
-8
-7
-8
-10
-9
-7
-4
-6
-10
-12
-11
-9
-6
-3
-3
-6
-9
-12
-11
-8
-3
1
3
7
12
16
19
18
18
17
17
15
12
9
5
4
5
4
5
5
3
4
5
6
7
10
12
12
11
6
3
2
4
7
8
9
10
12
15
17
20
19
16
16
18
21
25
25
28
28
28
27
26
21
15
10
8
5
4
4
2
-2
-6
-10
-15
-19
-21
-19
-18
-18
-19
-20
-25
-32
-34
-32
-26
-19
-16
-15
-15
-14
-12
-12
-14
-16
-17
-20
-17
-14
-8
-5
-4
1
6
10
13
14
15
14
14
12
15
19
24
28
32
31
28
24
22
21
22
26
27
25
22
21
20
22
24
24
23
22
28
32
33
32
30
28
27
26
25
22
19
16
11
9
8
10
13
17
20
19
15
15
14
13
13
13
14
17
21
22
17
11
3
-2
-6
-8
-10
-11
-10
-6
0
5
10
15
20
26
30
36
36
33
31
29
27
26
28
27
26
25
21
18
18
18
21
21
20
18
19
20
19
14
7
1
-2
-4
-3
2
5
8
12
14
19
24
27
28
27
26
25
27
29
31
32
32
31
35
40
42
45
45
42
38
34
32
32
33
35
37
39
41
40
37
33
29
25
22
19
17
15
15
16
15
14
12
7
2
-3
-9
-13
-15
-16
-17
-18
-16
-14
-12
-12
-10
-9
-8
-7
-8
-11
-15
-18
-20
-21
-21
-20
-17
-16
-17
-16
-18
-23
-28
-32
-34
-33
-34
-36
-35
-35
-33
-32
-29
-28
-28
-29
-29
-29
-30
-34
-38
-38
-38
-36
-34
-32
-31
-34
-38
-40
-39
-35
-31
-32
-35
-37
-36
-36
-34
-35
-37
-40
-45
-47
-48
-48
-49
-48
-50
-50
-49
-47
-48
-50
-49
-52
-54
-57
-60
-63
-65
-68
-71
-73
-76
-81
-84
-88
-93
-99
-105
-110
-115
-117
-116
-114
-111
-110
-110
-110
-111
-114
-116
-118
-118
-117
-116
-118
-120
-122
-124
-123
-122
-124
-125
-124
-120
-117
-114
-113
-113
-112
-113
-115
-116
-115
-113
-109
-106
-106
-106
-104
-105
-103
-101
-96
-92
-91
-90
-89
-88
-86
-82
-80
-80
-81
-81
-78
-75
-71
-64
-60
-58
-56
-56
-58
-60
-62
-63
-63
-63
-66
-69
-70
-71
-74
-76
-78
-77
-76
-74
-72
-71
-70
-69
-68
-66
-62
-58
-54
-49
-47
-45
-42
-41
-41
-42
-43
-43
-44
-43
-41
-39
-39
-38
-37
-35
-34
-35
-34
-35
-35
-33
-34
-33
-31
-28
-24
-22
-18
-16
-15
-14
-13
-14
-15
-19
-23
-22
-21
-17
-14
-12
-9
-5
-4
-3
-2
-2
-1
0
2
5
5
7
9
12
13
12
12
12
14
16
19
20
25
29
32
34
35
36
34
31
28
25
24
22
22
22
23
24
25
26
24
23
21
21
22
22
20
19
17
18
20
22
25
25
26
24
22
19
16
14
11
10
7
7
8
11
15
16
16
15
13
12
10
8
6
5
3
4
5
8
10
11
11
8
7
5
5
4
6
9
15
22
26
28
27
25
22
20
20
19
18
15
12
9
10
12
14
15
14
12
9
7
4
-3
-11
-20
-25
-26
-26
-25
-24
-24
-22
-22
-21
-25
-29
-29
-27
-26
-25
-25
-22
-17
-14
-13
-13
-13
-14
-16
-15
-15
-18
-19
-20
-19
-16
-15
-11
-6
-2
0
1
-2
-5
-5
-6
-5
-6
-7
-9
-8
-7
-7
-5
-1
2
5
8
9
8
4
3
2
3
8
14
19
23
22
20
18
15
12
10
10
10
10
14
15
18
25
32
37
40
38
31
23
19
16
17
19
20
21
22
20
21
20
18
14
10
6
3
0
-4
-6
-9
-7
-3
-1
4
8
11
13
13
11
8
9
10
10
8
6
4
2
3
4
6
7
6
5
4
3
0
-2
-3
-2
1
3
8
14
19
21
18
14
10
4
2
2
1
0
-3
-4
-7
-9
-7
-4
-1
4
8
9
7
6
4
4
2
2
3
5
8
12
14
15
16
15
16
17
18
17
18
21
27
29
28
28
27
29
33
35
37
35
34
32
31
30
25
20
16
12
9
10
11
14
15
17
18
20
24
27
30
27
23
17
14
12
10
11
14
18
20
19
19
20
24
28
31
31
30
30
31
31
30
29
28
28
28
28
30
31
35
34
33
35
38
43
50
53
56
58
55
51
45
40
36
33
31
28
23
17
12
8
5
4
5
8
10
8
5
-2
-7
-9
-8
-6
-5
-8
-15
-20
-27
-33
-38
-41
-44
-48
-52
-57
-61
-60
-56
-51
-47
-45
-43
-42
-38
-35
-35
-38
-43
-47
-47
-44
-41
-41
-39
-40
-41
-41
-41
-39
-37
-36
-36
-40
-45
-51
-59
-63
-66
-65
-64
-62
-60
-59
-58
-59
-62
-66
-65
-66
-65
-65
-66
-65
-63
-58
-53
-50
-49
-47
-44
-38
-33
-30
-30
-32
-35
-40
-45
-48
-46
-40
-33
-26
-20
-15
-10
-9
-10
-13
-17
-21
-22
-20
-17
-17
-21
-25
-27
-27
-24
-20
-18
-17
-18
-14
-13
-10
-7
-3
-4
-5
-4
-4
-4
-3
-3
-2
-5
-6
-8
-8
-3
5
14
19
19
21
20
21
25
27
30
33
37
39
39
39
38
36
32
26
23
24
27
29
33
37
39
40
38
34
27
23
20
17
15
11
9
8
10
13
16
18
18
16
15
12
9
8
11
17
23
32
41
49
55
56
56
52
48
46
44
43
41
40
41
44
48
51
52
51
50
46
43
40
36
35
33
32
30
28
28
29
31
31
32
35
34
31
27
25
25
28
31
34
34
35
36
37
38
37
35
33
30
28
24
23
25
31
33
35
32
30
27
25
23
22
20
17
15
14
14
14
13
14
15
17
17
15
13
8
3
1
1
3
4
5
5
4
4
4
5
8
11
13
14
15
19
22
25
27
30
32
36
40
46
48
47
45
41
37
32
31
32
33
36
36
37
36
36
37
38
37
35
35
35
33
33
31
28
25
22
22
21
20
19
17
14
9
4
2
-1
-3
-6
-6
-6
-9
-12
-13
-14
-18
-23
-25
-28
-28
-28
-26
-21
-16
-11
-8
-7
-7
-6
-4
-1
3
5
7
7
6
6
8
10
11
9
8
7
5
2
-1
-5
-6
-5
-5
-6
-5
-9
-12
-15
-18
-25
-30
-36
-39
-41
-42
-43
-43
-43
-43
-42
-42
-39
-36
-34
-34
-37
-40
-42
-40
-35
-31
-28
-27
-27
-31
-34
-35
-35
-35
-34
-35
-38
-38
-36
-34
-30
-26
-25
-24
-24
-24
-23
-23
-26
-26
-26
-25
-25
-23
-24
-24
-23
-24
-24
-26
-26
-24
-21
-16
-10
-4
0
1
-2
-5
-8
-9
-10
-8
-6
-2
-1
0
-1
-2
-1
1
6
13
18
20
21
21
18
15
14
13
14
15
15
18
16
14
12
9
10
11
10
8
7
5
4
6
9
11
15
17
21
25
26
27
27
25
22
20
21
23
25
25
26
25
29
30
30
31
30
28
31
35
38
40
35
30
26
22
23
25
28
29
33
35
37
39
41
43
44
45
45
45
41
38
36
35
35
34
31
30
32
34
36
41
48
51
52
52
51
52
51
49
46
41
34
28
23
19
16
14
13
12
7
2
-2
-4
-3
-4
-9
-16
-24
-27
-25
-20
-18
-22
-28
-34
-39
-45
-45
-48
-51
-54
-55
-57
-59
-63
-65
-67
-68
-67
-67
-69
-72
-78
-84
-88
-91
-94
-95
-98
-102
-106
-107
-108
-108
-109
-108
-108
-108
-106
-106
-105
-106
-107
-109
-110
-108
-105
-103
-102
-103
-105
-108
-114
-118
-121
-124
-126
-128
-129
-128
-126
-123
-125
-129
-132
-132
-132
-133
-137
-142
-142
-139
-138
-137
-138
-139
-139
-135
-132
-134
-135
-133
-131
-131
-130
-130
-126
-122
-121
-120
-121
-123
-127
-130
-129
-129
-125
-122
-118
-116
-112
-111
-113
-115
-118
-118
-119
-116
-113
-112
-107
-102
-100
-101
-103
-104
-103
-101
-99
-96
-95
-95
-95
-92
-87
-83
-78
-75
-74
-78
-80
-81
-80
-80
-81
-84
-86
-87
-84
-77
-72
-67
-63
-59
-52
-47
-44
-46
-45
-45
-42
-37
-32
-29
-28
-27
-24
-25
-26
-25
-26
-25
-22
-16
-13
-9
-9
-8
-8
-8
-7
-9
-10
-11
-8
0
6
12
15
16
18
19
19
20
18
15
15
18
21
27
35
41
47
52
60
65
70
72
71
71
71
70
71
72
71
74
78
85
93
100
103
106
109
111
112
113
115
118
124
128
130
128
128
125
123
119
117
115
115
115
117
119
124
132
140
147
152
151
149
149
148
149
152
154
157
156
152
149
149
150
154
157
161
163
166
173
179
182
184
180
172
166
164
163
163
162
164
168
173
175
176
172
164
158
151
146
145
145
150
155
157
158
159
157
153
152
150
149
148
146
142
136
132
127
124
126
125
125
127
127
120
111
101
93
87
81
78
76
74
76
78
80
82
78
72
64
56
53
51
50
53
55
57
58
55
52
49
51
49
50
50
47
43
40
37
34
31
30
28
26
22
15
11
10
8
9
6
1
-6
-12
-16
-18
-20
-22
-23
-23
-26
-28
-33
-37
-41
-44
-43
-43
-44
-46
-49
-52
-53
-55
-58
-64
-70
-72
-72
-70
-66
-64
-64
-64
-65
-62
-62
-61
-60
-59
-56
-54
-53
-52
-51
-52
-56
-61
-64
-66
-67
-64
-63
-63
-63
-66
-67
-65
-61
-60
-62
-62
-62
-62
-61
-58
-55
-52
-47
-42
-36
-33
-33
-33
-34
-32
-28
-25
-21
-16
-10
-3
4
12
17
21
20
20
20
20
21
25
27
29
32
37
44
54
61
69
76
85
94
101
106
105
103
102
101
100
99
100
102
106
112
119
128
134
138
143
148
151
152
153
153
154
157
158
160
161
165
170
172
176
181
182
185
187
188
188
188
185
183
182
182
184
184
185
186
186
187
185
185
187
189
194
199
204
209
209
207
204
203
202
203
206
212
215
218
221
222
222
221
219
217
214
215
217
217
215
215
214
213
213
208
202
198
195
196
196
199
200
199
200
198
195
192
189
188
187
183
180
177
174
175
176
177
175
174
169
164
164
165
165
164
160
158
156
155
151
146
140
137
134
129
126
124
124
125
126
128
128
125
118
110
104
100
95
92
89
85
83
81
79
78
76
73
71
68
67
67
64
61
60
58
57
57
55
53
49
45
45
45
46
45
45
44
41
38
33
29
30
30
33
33
33
34
35
37
39
41
40
39
36
36
36
36
35
39
46
53
57
60
61
63
62
59
55
53
51
53
58
61
63
65
65
67
67
68
70
70
71
71
73
72
74
77
79
76
72
67
63
64
67
69
69
65
62
61
63
67
69
71
68
64
60
57
55
56
55
54
56
55
57
55
53
49
47
46
46
47
49
51
53
55
57
60
62
61
63
62
60
62
67
71
74
74
74
76
77
80
81
81
79
77
73
70
67
65
65
65
65
63
63
59
55
53
51
49
47
47
46
47
49
49
47
44
42
43
47
48
49
49
50
54
56
59
59
56
51
47
43
43
42
41
41
41
44
46
48
49
46
43
40
39
38
39
40
38
37
39
42
47
49
49
47
44
40
36
35
35
41
42
41
40
39
38
36
34
34
33
30
28
25
22
21
21
19
17
14
14
12
12
10
9
6
3
2
1
0
-2
-1
-2
-1
-2
-2
-4
-10
-19
-30
-36
-38
-38
-39
-39
-40
-42
-45
-46
-48
-52
-58
-65
-71
-77
-79
-79
-76
-73
-70
-67
-68
-68
-70
-78
-84
-93
-100
-103
-104
-104
-100
-97
-96
-97
-99
-99
-96
-92
-86
-83
-83
-87
-90
-95
-98
-99
-99
-96
-91
-88
-85
-84
-80
-76
-76
-79
-83
-88
-93
-96
-98
-97
-94
-89
-84
-80
-75
-71
-67
-65
-64
-66
-68
-71
-74
-75
-76
-74
-71
-67
-66
-64
-61
-60
-64
-69
-75
-82
-87
-90
-89
-88
-83
-78
-75
-75
-73
-74
-72
-71
-71
-72
-75
-75
-77
-77
-76
-76
-74
-71
-70
-70
-70
-70
-70
-73
-75
-76
-77
-76
-75
-73
-68
-64
-58
-54
-48
-46
-42
-39
-36
-32
-30
-30
-28
-27
-27
-30
-31
-28
-25
-23
-21
-22
-23
-25
-27
-26
-23
-18
-13
-9
-5
-7
-8
-10
-9
-11
-14
-17
-20
-20
-21
-21
-21
-19
-15
-13
-12
-12
-14
-17
-18
-15
-12
-11
-13
-18
-24
-28
-29
-28
-29
-28
-28
-27
-27
-28
-28
-26
-27
-28
-27
-26
-27
-25
-24
-23
-25
-28
-29
-30
-28
-26
-24
-26
-30
-32
-33
-33
-36
-36
-37
-35
-34
-33
-34
-35
-36
-36
-36
-39
-38
-37
-34
-29
-28
-30
-32
-31
-30
-30
-30
-32
-36
-38
-39
-39
-40
-42
-44
-44
-44
-46
-48
-48
-51
-51
-50
-50
-51
-51
-52
-52
-52
-53
-54
-54
-53
-51
-49
-50
-50
-53
-54
-55
-55
-55
-56
-55
-54
-52
-51
-49
-50
-50
-48
-44
-42
-43
-44
-44
-44
-42
-39
-37
-36
-34
-30
-29
-27
-25
-27
-28
-28
-30
-30
-28
-29
-30
-31
-31
-28
-27
-26
-28
-33
-39
-45
-46
-46
-43
-40
-38
-36
-37
-38
-38
-42
-45
-52
-55
-55
-55
-54
-55
-57
-59
-57
-55
-49
-43
-39
-35
-35
-34
-35
-35
-39
-39
-36
-31
-26
-21
-15
-11
-9
-12
-15
-19
-22
-25
-24
-21
-18
-14
-12
-12
-12
-13
-14
-17
-14
-12
-11
-9
-8
-7
-4
-2
2
4
6
8
10
9
4
0
-2
-4
-6
-8
-10
-7
-5
-5
-6
-9
-12
-17
-22
-28
-33
-38
-39
-39
-37
-35
-33
-29
-23
-19
-15
-14
-15
-14
-13
-10
-7
-5
-2
2
4
8
12
15
17
19
22
25
27
30
31
34
34
34
34
34
35
35
32
26
23
20
19
17
15
17
18
16
15
14
14
17
19
23
29
33
35
37
38
41
44
46
47
49
50
52
56
58
63
67
68
69
69
66
64
62
60
59
58
55
55
54
53
54
55
57
58
58
60
60
63
65
68
70
74
78
80
79
78
77
75
75
75
77
77
76
75
73
71
67
65
65
65
65
67
67
66
66
67
68
67
67
67
67
68
70
75
77
77
75
74
76
79
79
79
76
74
71
69
70
74
76
74
72
70
68
69
71
73
72
70
68
68
71
75
76
76
72
70
67
66
66
67
64
60
57
54
53
55
53
48
44
40
39
40
41
44
47
48
45
40
37
35
36
37
39
36
33
32
32
31
31
30
30
31
33
33
32
30
28
24
19
16
15
18
24
27
29
29
26
24
21
21
23
28
29
31
29
25
21
18
16
15
14
11
8
8
8
7
2
-3
-8
-13
-19
-20
-20
-22
-24
-24
-23
-22
-20
-21
-24
-25
-26
-27
-27
-26
-25
-23
-24
-24
-26
-31
-31
-26
-17
-10
-8
-6
-5
-5
-4
1
7
15
22
30
34
42
47
50
48
47
46
45
46
46
48
47
47
47
47
45
42
42
42
44
48
51
51
49
45
43
42
44
44
44
46
51
54
54
50
46
42
39
37
38
38
37
36
36
35
34
31
30
32
33
32
31
30
28
26
24
22
20
21
22
23
26
30
35
38
40
42
41
40
41
45
48
47
44
43
42
44
50
55
58
59
59
62
65
70
73
75
81
83
90
93
94
91
87
80
74
73
74
73
71
69
68
67
66
66
65
64
65
67
69
67
66
64
64
65
66
64
59
55
52
51
54
60
66
70
71
69
67
66
63
64
58
52
47
43
40
38
35
33
32
33
32
33
32
29
26
22
19
15
15
13
15
16
16
16
16
15
16
13
11
11
10
7
5
2
0
-2
-2
-1
-3
-2
0
2
5
8
9
9
10
9
8
10
10
10
10
9
9
8
9
9
10
9
6
5
7
7
7
9
11
11
11
10
11
12
12
12
9
7
4
3
3
2
1
0
1
1
-4
-11
-15
-19
-19
-17
-17
-17
-19
-21
-23
-25
-28
-30
-30
-29
-28
-30
-33
-34
-33
-29
-26
-23
-24
-21
-20
-17
-14
-15
-18
-21
-22
-21
-16
-12
-9
-8
-8
-4
0
3
6
8
10
10
10
8
2
-3
-6
-7
-8
-9
-12
-14
-17
-18
-19
-21
-23
-26
-28
-28
-28
-29
-29
-29
-27
-24
-18
-12
-8
-7
-5
-5
-8
-9
-11
-12
-12
-9
-7
-3
1
6
8
10
8
8
7
6
5
3
3
5
6
8
11
11
13
14
14
13
13
13
11
9
8
5
2
1
0
0
0
3
6
9
10
10
11
13
13
8
3
-1
0
2
5
8
10
10
10
9
8
5
6
9
15
18
20
21
18
15
12
12
11
11
13
13
11
8
5
3
1
-1
-5
-8
-8
-9
-5
-3
-3
-7
-11
-14
-18
-18
-19
-19
-19
-19
-16
-12
-6
-4
-5
-6
-5
-3
-2
-3
-6
-8
-10
-11
-13
-16
-19
-21
-22
-23
-23
-25
-25
-26
-29
-30
-28
-27
-24
-21
-15
-10
-8
-6
-7
-6
-7
-7
-10
-14
-19
-22
-21
-17
-12
-9
-9
-9
-11
-12
-10
-10
-11
-12
-14
-18
-21
-27
-31
-35
-37
-39
-41
-38
-36
-32
-27
-21
-19
-19
-22
-28
-32
-36
-40
-38
-34
-26
-17
-8
0
3
3
0
-4
-8
-10
-15
-16
-18
-18
-18
-15
-14
-15
-17
-18
-18
-18
-20
-20
-18
-17
-14
-14
-14
-13
-9
-4
0
1
-3
-9
-15
-19
-22
-24
-25
-25
-25
-26
-26
-27
-28
-30
-31
-32
-36
-41
-44
-45
-47
-47
-45
-43
-41
-41
-45
-49
-51
-51
-49
-47
-44
-42
-37
-33
-29
-26
-26
-25
-26
-29
-32
-32
-31
-30
-28
-27
-27
-29
-32
-32
-32
-32
-31
-31
-33
-36
-40
-40
-40
-37
-32
-32
-32
-33
-37
-42
-44
-47
-47
-46
-46
-44
-40
-35
-32
-31
-28
-25
-24
-23
-25
-27
-32
-39
-46
-47
-46
-40
-31
-22
-16
-14
-16
-22
-29
-34
-39
-40
-36
-29
-23
-17
-14
-16
-18
-19
-16
-14
-12
-14
-16
-15
-13
-9
-2
5
11
12
14
16
17
21
23
24
27
28
29
30
30
33
35
40
45
49
52
52
53
53
53
53
53
51
49
46
44
41
39
38
37
33
26
22
22
24
26
27
27
27
25
23
22
20
20
22
25
29
33
34
31
23
18
14
13
10
7
6
7
8
12
17
20
19
19
18
16
14
12
12
12
11
9
10
11
11
10
11
13
16
19
23
25
24
24
23
22
21
19
18
22
27
30
29
24
15
4
-4
-10
-15
-18
-19
-19
-17
-10
-4
-2
-2
-2
-2
0
1
0
-4
-6
-6
-2
0
1
3
2
0
-2
-4
-7
-11
-12
-12
-9
-3
0
2
2
-4
-12
-22
-33
-40
-45
-45
-43
-39
-36
-32
-29
-26
-27
-28
-30
-34
-37
-37
-36
-36
-37
-40
-43
-47
-49
-50
-51
-52
-51
-51
-51
-53
-56
-57
-56
-53
-50
-49
-49
-49
-47
-46
-46
-44
-42
-41
-38
-34
-29
-25
-23
-23
-25
-27
-26
-23
-19
-15
-17
-19
-20
-20
-18
-20
-21
-23
-25
-26
-26
-27
-31
-33
-36
-38
-35
-33
-29
-28
-26
-24
-22
-20
-19
-21
-27
-33
-37
-43
-45
-47
-46
-46
-46
-48
-50
-52
-52
-55
-57
-57
-56
-51
-48
-47
-49
-51
-53
-51
-50
-51
-49
-44
-40
-34
-28
-27
-27
-28
-30
-30
-28
-26
-24
-21
-21
-21
-19
-17
-13
-13
-12
-14
-14
-18
-23
-28
-31
-32
-33
-32
-34
-36
-38
-40
-43
-46
-50
-52
-53
-51
-53
-54
-52
-52
-52
-52
-54
-54
-52
-47
-44
-43
-43
-44
-47
-48
-46
-45
-42
-41
-41
-40
-40
-38
-38
-36
-37
-38
-39
-39
-40
-40
-38
-37
-37
-35
-33
-30
-28
-28
-27
-30
-36
-41
-45
-45
-41
-35
-29
-23
-15
-9
-2
2
4
4
2
-3
-4
-6
-10
-13
-11
-8
-5
-2
2
3
2
3
3
1
-1
-6
-14
-17
-18
-18
-19
-19
-20
-19
-15
-10
-8
-9
-14
-17
-17
-18
-15
-14
-11
-10
-9
-8
-7
-5
-5
-7
-7
-8
-11
-11
-12
-11
-10
-8
-6
-5
-2
3
5
6
8
12
15
18
20
19
20
21
21
17
14
13
12
10
9
14
15
15
17
15
12
10
9
10
9
10
8
6
6
7
5
2
0
-2
-5
-7
-10
-12
-13
-15
-17
-15
-14
-13
-13
-13
-14
-13
-12
-12
-14
-18
-20
-23
-25
-24
-22
-21
-22
-20
-18
-17
-13
-14
-14
-15
-15
-16
-16
-18
-20
-21
-21
-22
-21
-20
-19
-19
-19
-22
-25
-28
-30
-31
-30
-29
-27
-25
-24
-23
-21
-18
-17
-13
-12
-11
-10
-10
-8
-5
0
2
6
9
11
13
17
19
19
17
15
14
15
16
20
22
25
27
30
31
31
29
25
23
23
27
29
31
33
33
33
34
34
34
34
34
31
29
29
31
33
35
35
35
35
35
33
30
24
19
14
14
18
20
20
21
19
21
24
29
32
33
32
32
33
32
32
36
40
45
47
48
46
47
48
50
53
55
55
54
50
47
45
44
45
45
48
46
43
40
36
34
32
33
33
30
32
33
36
36
34
32
28
27
25
28
33
38
43
46
47
47
46
48
50
51
51
48
46
45
49
52
53
54
54
54
54
53
51
50
47
47
43
41
38
36
35
34
32
32
32
30
29
28
25
22
19
16
11
7
6
8
10
9
7
3
1
3
6
7
10
12
15
19
20
23
25
25
25
26
26
27
25
24
20
16
12
9
8
8
8
6
3
1
-3
-1
-1
-1
-2
-4
-6
-11
-15
-19
-24
-29
-31
-32
-31
-28
-25
-23
-20
-19
-19
-18
-18
-17
-17
-19
-19
-20
-23
-24
-23
-17
-10
-5
-1
0
3
7
10
9
7
8
9
8
11
15
19
23
23
23
22
18
16
15
14
10
7
3
2
3
-1
-7
-11
-14
-15
-12
-9
-8
-9
-10
-9
-8
-8
-8
-11
-13
-16
-17
-20
-22
-21
-19
-18
-16
-16
-14
-16
-23
-31
-36
-39
-39
-39
-38
-39
-38
-34
-33
-33
-36
-40
-42
-44
-43
-42
-40
-36
-34
-33
-33
-31
-27
-22
-17
-15
-14
-13
-16
-17
-13
-7
0
7
12
16
18
18
19
21
23
25
24
23
21
17
16
16
17
19
19
19
19
21
20
19
17
16
15
15
16
17
19
22
20
18
15
14
13
13
14
16
15
14
12
9
8
11
14
15
17
17
15
13
13
14
13
9
7
5
3
4
3
4
5
4
1
1
-1
-2
-4
-2
1
1
2
2
5
6
7
12
16
18
17
15
12
7
3
0
-4
-5
-3
-1
0
-1
1
9
16
21
22
17
13
10
9
7
7
8
10
9
5
2
-3
-3
0
2
0
0
0
1
2
3
5
8
7
6
6
6
8
10
13
16
15
13
11
13
16
20
21
22
23
23
21
21
18
15
13
9
5
4
0
-2
-3
-3
-5
-7
-8
-8
-7
-7
-6
-5
-7
-12
-15
-17
-20
-22
-22
-20
-18
-18
-18
-19
-20
-18
-18
-20
-21
-21
-21
-19
-15
-14
-13
-10
-10
-9
-11
-9
-11
-16
-20
-20
-17
-11
-5
-2
-4
-9
-16
-18
-19
-19
-18
-15
-14
-15
-17
-17
-15
-12
-8
-4
1
3
6
7
5
5
5
2
0
-1
-1
-2
-2
-2
-3
-5
-6
-5
-4
-2
0
1
4
10
17
21
21
20
20
19
18
13
8
2
-1
-1
1
4
8
10
9
10
9
9
7
4
1
-5
-11
-15
-15
-16
-18
-19
-22
-24
-29
-32
-38
-44
-49
-54
-55
-54
-51
-47
-41
-36
-32
-31
-29
-30
-31
-33
-31
-29
-29
-31
-34
-34
-29
-22
-17
-17
-19
-19
-21
-20
-22
-23
-23
-24
-21
-16
-11
-7
-6
-7
-8
-11
-13
-10
-8
-5
-3
1
3
7
7
7
8
12
15
20
24
26
26
24
22
22
22
21
22
25
29
30
30
29
32
33
35
36
36
34
31
33
37
39
37
34
33
32
31
31
33
34
33
29
25
20
18
16
17
18
21
27
32
37
40
39
37
29
21
16
12
13
16
19
19
14
7
0
-5
-5
-4
-2
1
5
9
11
11
8
4
3
5
4
3
-1
-4
-5
-5
-7
-12
-17
-17
-15
-10
-5
-2
-4
-8
-10
-14
-14
-15
-17
-21
-28
-33
-36
-37
-39
-40
-37
-34
-33
-30
-28
-27
-30
-32
-32
-30
-30
-27
-23
-22
-21
-23
-24
-26
-26
-25
-25
-22
-23
-23
-25
-26
-27
-26
-24
-21
-18
-14
-14
-13
-12
-10
-7
-3
-2
1
2
4
5
5
3
0
-2
-4
-3
1
9
15
17
15
10
3
-1
-6
-9
-11
-11
-9
-10
-9
-8
-5
-2
0
-2
-5
-10
-14
-15
-15
-12
-9
-4
1
6
6
3
1
1
2
4
3
4
6
8
15
24
30
32
32
31
28
25
21
17
13
13
13
12
11
9
9
11
12
11
13
10
9
11
11
14
19
20
22
21
20
18
15
12
13
14
19
24
26
27
27
26
26
23
24
25
25
25
21
20
19
15
10
6
0
-3
-7
-11
-15
-20
-26
-31
-35
-39
-42
-45
-47
-49
-47
-47
-46
-44
-44
-45
-44
-42
-38
-36
-38
-40
-43
-46
-44
-41
-37
-35
-31
-26
-20
-15
-8
0
7
11
14
12
11
9
8
9
9
11
16
23
28
33
34
35
33
33
36
38
39
40
42
43
46
47
46
44
42
41
40
39
41
41
41
39
33
30
29
28
25
24
24
24
23
22
22
24
25
25
24
24
22
18
17
15
13
12
10
11
13
14
14
11
9
4
1
-1
-5
-6
-7
-5
-5
-7
-10
-13
-17
-18
-21
-20
-19
-17
-17
-18
-17
-18
-17
-15
-13
-14
-14
-16
-17
-15
-14
-10
-9
-10
-11
-10
-7
-1
8
17
20
21
19
16
11
6
4
5
5
7
8
10
13
17
22
24
26
28
29
29
28
27
27
24
20
18
18
19
22
21
19
18
15
13
12
15
17
20
23
23
21
20
17
15
14
12
7
-2
-10
-14
-16
-13
-13
-13
-15
-16
-14
-14
-15
-19
-24
-29
-33
-33
-37
-37
-37
-34
-30
-26
-22
-18
-15
-13
-13
-14
-16
-20
-21
-20
-18
-17
-15
-16
-15
-17
-20
-22
-24
-26
-25
-23
-19
-19
-21
-23
-24
-25
-25
-21
-16
-10
-9
-11
-12
-14
-15
-15
-15
-14
-15
-16
-16
-18
-20
-19
-19
-17
-13
-13
-12
-12
-12
-10
-9
-7
-7
-7
-5
-6
-8
-8
-8
-6
-4
-2
-1
-2
-3
-7
-10
-12
-12
-10
-7
-5
-2
2
4
5
2
-3
-8
-10
-10
-10
-9
-6
-5
-3
-2
0
2
5
7
6
7
9
14
16
17
17
16
16
18
18
17
16
20
23
27
28
28
28
29
28
28
27
26
27
29
30
31
30
29
25
22
19
17
13
9
4
3
0
-3
-6
-9
-9
-10
-11
-11
-10
-9
-8
-8
-12
-16
-18
-18
-16
-12
-9
-7
-7
-6
-4
-4
-7
-10
-11
-13
-13
-12
-11
-10
-10
-12
-14
-16
-16
-15
-11
-7
-7
-6
-3
2
7
10
12
12
12
13
13
12
10
10
10
8
7
3
-4
-7
-10
-12
-13
-13
-11
-9
-7
-12
-18
-24
-26
-26
-24
-24
-25
-25
-24
-26
-27
-28
-24
-22
-21
-19
-17
-14
-9
-7
-7
-6
-3
4
10
17
18
17
13
10
7
5
3
4
7
8
10
12
15
15
16
17
14
9
5
2
2
5
7
5
6
6
6
8
8
7
7
7
9
13
14
14
17
19
20
20
21
19
16
14
12
11
10
9
11
12
10
7
4
4
2
2
2
-3
-9
-14
-17
-22
-22
-23
-22
-22
-21
-19
-16
-17
-20
-22
-23
-24
-23
-23
-24
-24
-24
-23
-21
-19
-16
-16
-17
-22
-30
-35
-35
-33
-32
-31
-31
-30
-29
-28
-28
-21
-16
-12
-14
-19
-24
-25
-23
-20
-18
-18
-18
-19
-20
-18
-18
-17
-17
-17
-19
-20
-22
-20
-17
-13
-8
-7
-5
-2
-1
-1
-3
-7
-11
-15
-18
-16
-12
-5
0
2
-2
-7
-11
-14
-14
-16
-15
-13
-10
-9
-7
2
11
17
19
21
18
13
9
8
10
11
12
14
16
16
15
14
13
10
6
5
6
7
9
10
10
11
10
9
10
9
7
4
2
0
-1
-1
1
4
3
4
5
7
7
7
6
9
9
8
3
-4
-9
-12
-12
-13
-14
-13
-7
-1
0
-1
-4
-8
-11
-9
-7
-5
-2
0
0
1
7
10
11
8
5
3
1
6
12
18
22
21
19
18
14
12
11
13
16
14
10
8
6
5
7
11
14
18
21
26
30
31
31
30
23
14
8
6
6
9
11
10
10
12
16
21
24
24
25
22
18
18
21
26
31
36
40
38
37
37
41
42
44
44
41
39
39
42
40
39
33
25
24
24
26
30
27
24
18
13
14
17
17
17
17
18
19
21
25
25
27
28
28
27
27
27
29
30
31
30
28
27
23
20
17
14
13
10
8
5
5
5
4
2
-2
-6
-5
-8
-11
-12
-13
-13
-14
-17
-18
-17
-17
-13
-15
-12
-9
-7
-2
-2
-2
-6
-8
-8
-6
-4
0
2
4
7
9
9
5
-1
-7
-10
-10
-7
-5
-3
-1
0
2
0
-1
-2
-3
-4
-3
-3
-7
-10
-10
-8
-4
-1
1
0
-2
-4
-6
-7
-7
-7
-4
-1
1
0
-1
-3
0
4
10
16
21
19
17
16
17
20
21
21
19
18
17
16
17
19
20
20
18
13
9
5
2
0
0
-2
-2
-3
-4
-2
-3
-5
-10
-12
-10
-9
-8
-8
-9
-11
-10
-10
-9
-9
-8
-7
-8
-7
-5
-1
0
0
-2
-7
-7
-2
6
12
12
8
1
-4
-9
-11
-13
-13
-12
-11
-8
-7
-7
-7
-8
-8
-8
-9
-9
-8
-5
-3
-1
-3
-3
-1
-1
1
4
3
2
-1
-4
-6
-6
-4
0
7
14
16
13
9
2
-5
-13
-18
-23
-23
-22
-23
-24
-23
-20
-14
-13
-15
-18
-20
-20
-19
-17
-14
-14
-14
-15
-13
-10
-9
-10
-11
-14
-16
-15
-14
-15
-15
-16
-16
-15
-13
-11
-12
-14
-14
-16
-16
-17
-18
-17
-18
-20
-21
-24
-26
-29
-31
-35
-37
-38
-35
-33
-29
-25
-21
-16
-11
-11
-13
-14
-14
-11
-7
-3
1
5
9
8
8
6
4
4
4
7
8
9
13
19
24
24
23
20
19
21
23
23
26
25
23
23
23
25
24
22
19
17
16
15
13
8
7
4
3
2
1
1
2
0
0
1
2
2
2
0
0
-1
2
6
9
10
9
10
14
18
20
20
20
20
21
24
24
26
28
32
34
34
32
29
26
27
25
23
21
20
19
19
19
17
14
10
3
-4
-13
-21
-27
-30
-30
-27
-25
-22
-19
-17
-15
-10
-10
-13
-20
-25
-29
-32
-32
-32
-32
-30
-28
-26
-24
-25
-27
-28
-27
-26
-27
-28
-30
-31
-32
-32
-32
-30
-27
-22
-18
-17
-18
-18
-19
-17
-17
-19
-18
-16
-13
-6
-1
4
6
4
5
8
9
11
13
16
19
20
21
18
16
15
12
11
10
10
13
15
15
16
14
14
14
15
16
16
13
10
5
-1
-4
-4
-1
2
5
8
10
10
6
4
1
-3
-2
-1
-1
0
0
1
3
4
5
7
7
6
5
4
6
7
11
15
21
24
25
25
25
25
24
22
22
20
19
18
19
16
13
13
16
21
23
23
24
23
24
25
27
27
24
21
15
13
9
7
10
10
9
11
12
9
7
5
7
8
10
12
15
19
19
19
17
13
12
7
1
-4
-7
-8
-8
-8
-6
-6
-5
-6
-8
-11
-11
-8
-6
-7
-7
-4
-3
-2
-1
-4
-7
-11
-15
-17
-18
-19
-22
-23
-21
-16
-15
-13
-12
-14
-13
-16
-15
-17
-18
-18
-19
-21
-24
-25
-24
-23
-23
-23
-24
-22
-20
-16
-12
-11
-11
-11
-6
-2
0
0
-1
0
0
1
1
1
2
2
2
4
10
16
18
19
18
15
15
15
13
13
10
7
7
9
12
15
16
15
13
9
7
6
4
2
1
2
3
3
2
1
3
5
4
6
3
0
-3
-5
-6
-8
-9
-10
-12
-10
-10
-9
-7
-5
-7
-9
-10
-14
-15
-13
-12
-10
-12
-15
-15
-16
-16
-17
-20
-24
-26
-28
-27
-25
-21
-21
-23
-23
-22
-17
-12
-9
-7
-9
-7
-4
-3
-1
-3
-6
-10
-9
-6
-1
1
1
2
3
4
4
3
-1
-4
-5
-4
0
3
6
6
6
7
10
13
14
12
9
9
10
9
9
11
14
18
19
18
15
10
6
-2
-11
-18
-19
-13
-9
-5
-3
-4
-3
0
2
2
1
0
-3
-4
-3
-2
0
3
7
12
12
14
15
14
13
13
12
11
8
7
6
4
0
-3
-4
-3
-3
-7
-10
-12
-12
-10
-6
-3
-1
1
2
3
4
8
9
11
14
16
18
16
14
10
7
5
4
4
7
7
7
11
12
11
8
4
-1
-3
-3
0
4
10
12
10
8
5
4
4
4
3
3
3
4
6
5
4
3
5
5
6
6
7
7
2
-4
-9
-14
-14
-17
-17
-17
-15
-15
-16
-16
-16
-15
-16
-17
-18
-20
-22
-25
-28
-26
-25
-24
-23
-25
-24
-25
-24
-22
-25
-27
-28
-28
-24
-20
-14
-9
-1
0
0
0
0
0
0
0
0
0
0
0
0
0
0
0
0
0
0
0
0
0
0
0
0
0
0
0
0
0
0
0
